firstname;male;female
marie;10145;2390322
jean;1869615;6476
pierre;1475841;5047
jeanne;1765;1097397
françois;1089009;5951
joseph;897742;4246
anne;1479;816241
marguerite;1441;813859
catherine;1223;792448
louis;750498;2720
françoise;1153;600167
jacques;585567;2010
antoine;536089;2067
nicolas;408007;1463
louise;681;360914
claude;324134;4830
charles;276133;972
elisabeth;353;224969
madeleine;424;217939
michel;214487;834
etienne;211297;898
guillaume;197634;792
claudine;280;163711
andré;160970;586
yves;156916;544
henri;151366;504
antoinette;326;150155
julien;149634;644
rené;148231;627
rose;372;139480
rosalie;259;139343
auguste;135314;606
georges;125189;446
joséphine;268;123596
thérèse;252;113825
marianne;223;106821
barbe;291;106041
paul;103157;346
augustin;99532;430
jules;97993;420
mathurin;94431;357
suzanne;151;92817
alexandre;90238;413
julie;183;90323
laurent;89819;320
victor;87061;314
perrine;117;86401
eugène;81779;468
victoire;233;81265
dominique;74438;5470
philippe;75164;2151
gabriel;75918;501
julienne;143;74611
léonard;72695;290
magdeleine;174;71522
sophie;136;69126
henriette;133;67894
martin;66574;288
augustine;203;66590
emile;65749;444
geneviève;105;64747
bernard;62509;206
renée;141;62461
simon;61503;209
eugénie;172;61504
vincent;59500;187
mathieu;58765;238
alexis;55838;770
sébastien;53936;186
angélique;154;52204
maria;248;52008
pierrette;88;51026
maurice;50037;321
léon;49203;173
agathe;101;48495
virginie;80;48268
denis;47962;172
reine;82;47551
francois;46763;221
thomas;46238;169
caroline;64;45064
gabrielle;104;42367
gilbert;42026;118
benoit;41936;165
christine;74;40201
henry;39743;156
hélène;84;39306
alphonse;39177;183
cécile;108;39111
pauline;107;38942
anonyme;26957;11817
alfred;38124;161
christophe;38101;164
albert;36650;144
charlotte;70;36390
victorine;80;35835
marthe;95;35815
philibert;35682;148
claire;65;34793
mathurine;61;34763
lucie;63;34639
félix;33282;237
barthélémy;32646;147
adolphe;31438;132
adélaide;66;31377
edouard;31274;97
adèle;60;30712
marc;29861;130
ernest;29848;130
mélanie;72;29506
silvain;29305;107
justine;74;27991
gustave;27627;101
alain;27508;83
isidore;26059;240
alexandrine;61;25888
léonarde;63;25554
benoite;79;25421
hubert;25326;96
yvonne;54;25245
germain;25084;99
ferdinand;24948;120
élisabeth;50;24945
constant;24813;83
célestine;54;24782
hervé;24730;73
étienne;24581;116
frédéric;24287;120
désiré;23987;213
francoise;94;23947
magdelaine;67;23770
amélie;45;23778
blaise;23197;578
adrien;23635;95
félicité;173;23544
michelle;46;23560
solange;33;23536
lucien;23128;68
raymond;23083;67
mathias;22983;106
camille;15636;7307
baptiste;22599;122
martial;22562;83
toussaint;22482;100
philomène;185;21938
jacquette;49;21965
germaine;58;21740
anna;45;21668
marcel;21580;88
clémence;58;21379
emilie;72;21258
léonie;57;21111
berthe;53;21114
bertrand;20802;62
isabelle;37;20526
olivier;20492;58
joachim;20300;142
benoît;20143;74
agnès;32;19855
véronique;28;19739
ambroise;18952;655
gilles;19475;79
gaspard;19479;68
mathilde;44;19195
lazare;18454;734
clément;19058;96
théodore;18764;351
honoré;18681;98
etiennette;59;18716
clémentine;40;18697
célestin;18589;84
xavier;18566;49
juliette;49;18424
ursule;293;17959
valentin;17528;60
ignace;17223;197
odile;160;17069
edmond;17148;72
constance;82;16993
philiberte;42;17001
noël;16818;113
corentin;16850;58
robert;16770;64
arthur;16686;61
hippolyte;16354;341
elise;53;16589
sylvain;16147;75
josephine;70;16115
théophile;15855;186
jacqueline;28;15805
armand;15492;52
arnaud;15043;45
hortense;56;14970
salomé;49;14886
emmanuel;14398;65
guillemette;18;14351
léontine;27;14161
denise;26;14145
josephte;26;14049
rosine;21;13882
prosper;13836;54
elisa;20;13506
daniel;13464;39
céline;23;13458
marin;13307;64
pétronille;30;13067
benjamin;12991;53
angèle;51;12906
ernestine;25;12894
benoîte;40;12718
léopold;12674;43
florent;12582;79
edmé;12563;66
gaston;12579;47
florentine;52;12511
annette;8;12442
laurence;37;12410
edme;12172;66
brigitte;15;12048
elie;11559;388
hyacinthe;7295;4628
modeste;3430;8477
honorine;25;11866
david;11840;30
aimée;64;11658
gertrude;23;11627
fernand;11539;48
alice;34;11453
jeannette;22;11378
albertine;28;11202
adeline;26;11190
blanche;26;11149
annet;11020;144
jérôme;11104;57
aimé;10990;139
firmin;11030;56
clotilde;24;10976
casimir;10792;48
grégoire;10700;54
émile;10548;70
margueritte;39;10572
appoline;34;10542
urbain;10500;29
delphine;22;10476
julia;33;10436
achille;10371;65
désirée;63;10336
gilberte;30;10284
jacob;10192;45
elizabeth;28;10180
philippine;34;9978
séraphine;23;9818
nicole;16;9691
alphonsine;30;9541
barbara;17;9493
hilaire;9165;331
aline;19;9357
justin;9316;44
didier;9288;29
eve;17;9276
eulalie;31;9206
sidonie;21;9164
célina;29;8993
toinette;27;8983
valentine;52;8933
anastasie;25;8812
vital;8718;46
madelaine;19;8579
stéphanie;29;8415
florence;35;8239
christian;8208;29
flore;57;8092
cyprien;8012;33
dorothée;19;8015
vincente;108;7919
isaac;8000;16
pélagie;22;7938
olive;122;7804
catharina;11;7735
eléonore;173;7445
abraham;7586;24
félicie;38;7572
marius;7528;46
chrétien;7540;22
romain;7526;27
edmée;61;7421
florentin;7445;33
adrienne;18;7375
léger;7338;26
simone;157;6988
pascal;7080;22
guy;7029;26
irma;28;6988
octavie;34;6935
rémy;6928;31
esther;47;6851
stanislas;6848;32
goulven;6739;23
adolphine;14;6735
narcisse;5655;1080
scholastique;78;6657
therese;22;6701
emma;22;6615
zoé;44;6590
hugues;6574;22
monique;12;6565
georgette;24;6544
marien;6515;32
radegonde;13;6499
lambert;6489;20
marcelle;34;6426
martine;20;6415
euphrasie;32;6401
silvine;11;6390
nathalie;16;6315
aimable;5154;1164
allain;6261;17
laure;18;6258
adelaide;18;6173
lazarette;5;6164
prudence;92;6074
samuel;6121;17
gervais;6108;16
adam;6066;27
géraud;6017;24
gérard;5875;21
judith;9;5769
octave;5682;52
sebastien;5701;21
arsène;5046;674
séraphin;5691;29
barthelemy;5641;21
basile;5568;77
amand;5564;22
leonard;5562;19
amédée;5216;319
andre;5507;21
clarisse;12;5492
corentine;16;5480
paule;15;5460
maximilien;5404;14
florine;14;5285
zélie;19;5276
luc;5231;18
jacquine;7;5216
abel;5147;34
sara;11;5161
sylvie;10;5121
amable;3543;1583
emiland;5081;35
marceline;18;5096
charlemagne;5067;17
euphrosine;25;5017
ollivier;4890;19
constantin;4878;24
eugene;4823;51
césar;4847;19
aloise;4536;321
isabeau;16;4827
marcellin;4727;23
rachel;68;4676
aubin;4706;10
magdalena;12;4680
mariette;15;4673
genevieve;9;4678
péronne;10;4670
sylvestre;4543;43
salomon;4528;24
raoul;4515;14
damien;4444;12
bernardine;10;4435
florimond;4391;14
anatole;4364;38
aloyse;4188;209
roger;4372;4
fanny;13;4354
jan;4313;24
angelique;14;4322
clara;5;4310
felix;4215;56
hyppolite;4070;133
antonin;4155;11
moise;4119;24
eugenie;13;4123
céleste;325;3792
maxime;3940;168
estelle;11;4053
régis;4033;12
rémi;4027;13
johannes;4004;17
marcelline;8;3985
léa;13;3969
rosa;43;3937
claudius;3952;21
eustache;3911;47
noel;3888;23
george;3813;93
valérie;46;3859
bonaventure;3365;523
cyrille;3736;143
léocadie;45;3777
césarine;6;3786
estienne;3733;49
eloi;3765;11
richarde;5;3753
andrée;15;3735
janne;15;3735
rolland;3723;18
colombe;18;3721
aurélie;8;3716
bertrande;12;3705
bernarde;7;3703
oscar;3685;13
sabine;6;3646
édouard;3634;10
anselme;3608;30
margaretha;8;3612
ambroisine;20;3597
sulpice;3344;245
placide;2930;608
siméon;3508;11
félicien;3464;17
francine;8;3455
luce;33;3388
richard;3394;14
jacquemine;6;3391
quirin;3368;7
anais;17;3355
napoléon;3331;16
paulin;3331;10
clovis;3286;23
fernande;10;3293
alix;410;2869
aristide;3229;45
olympe;204;3070
alcide;3148;69
roch;3188;14
lucienne;16;3180
émilie;11;3143
anthelme;3087;19
apolline;6;3099
brice;3062;23
palmyre;202;2863
ludivine;12;3052
sébastienne;3;3061
fleury;2928;106
noémie;10;3013
peter;3000;14
leon;2985;10
athanase;2826;157
rene;2949;25
melchior;2956;15
fiacre;2739;230
remy;2943;14
zacharie;2890;66
hermance;9;2931
hypolite;2630;286
flavie;1;2899
gilette;12;2875
marcelin;2861;7
colette;5;2857
victoria;5;2822
celestine;11;2812
tanguy;2797;8
emilienne;13;2740
dieudonné;2690;38
johann;2704;5
amé;2643;22
prudent;2652;9
régine;6;2655
hector;2637;4
médard;2619;13
gillette;2;2617
jérome;2608;9
zélia;2;2602
gratianne;6;2581
raymonde;7;2579
fleurie;18;2557
georg;2541;4
maximin;2516;7
amandine;2;2512
magloire;2399;92
cecile;19;2441
eva;4;2456
jenny;11;2446
celestin;2440;14
bénigne;1340;1107
pernette;2;2434
élise;11;2417
étiennette;2;2416
raphaël;2404;9
humbert;2400;8
emélie;6;2395
balthazar;2385;7
helene;19;2357
morand;2366;7
boniface;2334;13
guilhaume;2326;15
joannes;2299;22
ludovic;2309;7
théodule;2253;56
fidéline;6;2294
claudette;1;2294
louisa;11;2273
scolastique;43;2238
fille;24;2250
conrad;2265;7
pacifique;509;1749
gracieuse;2;2247
balthazard;2244;4
francis;2234;13
héloise;9;2236
ismérie;15;2215
josette;3;2224
libaire;61;2156
eloy;2183;14
euphroisine;9;2184
silvaine;3;2178
appolonie;10;2165
claudia;1;2172
sicaire;2124;43
enfant;1801;347
quentin;2137;4
barnabé;2104;5
emilande;5;2103
fortuné;2052;56
josèphe;47;2061
malvina;9;2098
juste;1641;460
barthélemy;2071;10
frederic;2072;8
fabien;2057;6
bruno;2048;6
léonce;1780;273
michael;2015;7
saturnin;2013;8
ange;1862;158
agnes;11;1986
norbert;1991;6
engrace;11;1980
symphorien;1984;4
laurens;1931;28
ponce;1934;17
toussainte;5;1946
christina;6;1944
honorée;11;1938
roland;1900;9
adele;8;1899
salvat;1884;10
armandine;7;1878
aglaé;7;1841
fidèle;1736;110
guillaumette;2;1843
ennemond;1822;4
esprit;1803;19
georgine;3;1818
calixte;1722;90
angélina;1;1789
petronille;10;1771
thiébaut;1772;8
andréanne;4;1774
radégonde;3;1747
melanie;14;1723
lydie;3;1733
omer;1729;5
aldegonde;7;1717
michèle;5;1705
philomene;17;1690
mauricette;4;1697
vivant;1688;8
clothilde;4;1690
ulysse;1676;10
séverin;1678;7
nestor;1680;4
élisa;9;1669
amelie;6;1661
jeannie;4;1662
nicolle;1;1661
clemence;8;1653
zulma;21;1640
béatrice;4;1647
leonarde;5;1645
éléonore;44;1599
anthelmette;2;1623
bonnet;1613;8
andreas;1595;13
jérémie;1553;55
euphémie;9;1597
wendelin;1579;20
frédérique;111;1474
constantine;6;1577
bonne;3;1577
gasparde;2;1575
elophe;1555;18
antonia;4;1561
prigent;1544;5
prix;1528;6
roze;8;1523
augusta;5;1523
antonio;1519;3
esv;988;532
clement;1505;12
guislain;1512;5
blandine;1;1514
ursin;1511;4
katharina;5;1500
sainte;5;1498
amans;1466;9
élie;1394;70
donat;1423;21
eusèbe;1403;39
leonie;8;1430
appolinaire;1375;61
sylvine;5;1426
emelie;4;1418
philbert;1413;9
cyr;1409;7
delphin;1390;13
lucile;6;1397
barthélémi;1396;5
heinrich;1393;6
généreuse;1;1394
hamon;1388;4
adelphine;3;1388
noëlle;0;1389
perpétue;11;1374
franceline;1;1378
zéphirin;1369;7
ida;8;1361
joannès;1357;12
onésime;1170;196
irénée;1019;344
carolina;2;1358
bernardin;1351;7
eugènie;6;1347
mary;960;386
tugdual;1342;3
nathan;1324;4
angéline;1;1322
mansuy;1317;2
léonide;196;1119
jerome;1302;5
gengoult;1300;6
léandre;1196;109
josèphine;6;1285
joanny;1249;38
alban;1282;4
florian;1277;7
ludwig;1279;2
odette;7;1263
arnould;1256;5
clementine;5;1256
antonine;9;1245
nicolarde;5;1248
armande;3;1243
eleonore;33;1211
susanne;4;1240
eugéne;1217;23
barthélémie;86;1152
victorin;1222;9
chrisostome;1219;10
emilien;1221;8
robertine;3;1221
thiebaut;1217;7
uranie;6;1216
georgina;5;1216
herve;1217;2
veronique;6;1211
theodore;1191;24
peronne;6;1205
victorien;1206;4
fridolin;1195;10
leopold;1203;2
coralie;5;1199
angeline;2;1199
ildephonse;1161;38
francisque;1172;25
karl;1184;5
pancrace;1184;4
donatien;1183;1
albin;1178;3
josephe;55;1118
eliza;6;1166
perinne;1;1171
aurore;18;1152
eloise;1;1166
anthoine;1148;12
mélina;2;1157
alida;7;1150
gratien;1152;5
armantine;6;1147
romaine;2;1150
lucrèce;2;1148
durand;1140;5
elodie;8;1126
sauveur;1122;2
zéphir;1108;16
sarah;3;1119
adelina;0;1121
huguette;1;1119
roseline;1;1119
philipp;1114;3
hilarion;1101;8
balthasar;1101;4
agnan;1095;8
francesco;1095;7
baptistine;3;1094
dominiquette;2;1095
alois;1088;8
isaie;960;133
bénoni;1083;1
sophia;1;1071
catherin;1058;12
charlette;2;1067
eudoxie;3;1058
clair;1027;31
renee;5;1049
giovanni;1046;6
valburge;7;1045
marion;30;1013
guénolé;1029;5
matthieu;1029;3
célinie;5;1026
giuseppe;1023;4
pardoux;1023;4
leger;1023;3
geoffroi;1021;3
cosme;1015;6
silvie;8;1013
salome;4;1014
sicarie;0;1016
mathie;3;1011
dominica;4;1007
raimond;1010;1
stéphane;977;30
sigisbert;994;5
thiébaud;998;1
celine;5;990
anasthasie;4;988
thérése;2;988
rodolphe;986;3
séraphie;1;988
célénie;3;977
fulcrand;973;7
thérèze;4;969
armance;4;967
domenico;963;1
elvire;14;950
blaize;900;58
desire;948;6
celina;6;944
geoffroy;941;5
patrice;934;12
alexisse;8;936
archange;481;462
irène;16;926
espérance;44;893
del;932;4
natalie;9;925
nanette;3;929
léopoldine;6;925
fideline;1;925
amédé;919;5
nelly;3;918
bathilde;16;899
gatien;911;2
francisca;6;904
raphael;905;5
opportune;2;907
emilia;0;907
lucas;903;2
josephus;902;2
colomban;897;5
isidor;898;3
vrain;897;4
just;881;4
liévin;881;4
seraphine;9;876
béatrix;1;883
gracy;4;880
eutrope;849;34
didière;1;879
nicolaus;875;3
perrette;1;873
joachime;44;825
alexise;4;862
valéry;842;24
angele;5;860
privat;858;5
benoist;853;6
marceau;855;4
félicitée;3;855
lucia;34;824
louison;46;811
arthémise;8;845
aignan;848;4
armel;844;8
servais;849;3
rufine;3;842
apoline;6;835
theophile;833;8
caspar;837;2
druon;833;6
gregoire;833;4
aron;833;3
albine;1;834
bernadette;2;833
lina;3;832
leontine;4;828
nazaire;777;55
anastase;201;630
pascaline;5;822
friedrich;819;3
nicaise;806;16
euphrasine;2;817
bonnaventure;663;155
gildas;811;5
romary;811;3
valbert;813;1
peyronne;5;804
albéric;804;4
geraud;805;0
marine;4;801
sezny;793;12
anastasia;3;801
diebold;798;4
dauphine;6;794
ovide;770;28
anaise;4;793
bazile;769;26
hermine;5;790
rebecca;0;793
apollonie;2;789
felicite;6;785
meinrad;789;2
védastine;3;786
élizabeth;0;786
elisée;652;132
urbaine;1;774
ève;1;771
julitte;0;770
mn;567;201
fils;753;14
christienne;0;764
émiland;764;0
samson;757;6
savinien;762;1
clotaire;742;17
thomasse;3;756
carl;756;1
vendelin;750;7
aubine;2;753
gracie;1;752
séverine;3;749
efflam;747;2
benigne;414;329
rigobert;739;3
nancy;2;738
maurise;1;738
moyse;735;4
anton;736;2
jullien;732;6
stephanie;3;723
fulgence;655;66
aprône;6;714
laurentine;2;712
ferréol;707;4
angelina;2;708
mayeul;706;2
remi;704;1
denys;700;4
marx;700;1
babette;1;699
amanda;3;694
clet;690;5
matthias;692;1
agnés;5;685
chretien;686;4
edith;1;686
éloi;681;3
adonis;662;20
herminie;4;677
josué;677;2
ursula;0;678
clarice;6;670
nikolaus;672;4
eustelle;1;673
jonas;672;1
anatoile;501;169
carlos;664;3
rosette;1;665
silvestre;656;8
joachine;9;653
olga;2;657
virgile;647;11
rosina;0;657
thiebaud;654;2
sigismond;650;3
lorentz;648;4
pietro;644;2
lubin;643;1
martiale;2;640
césaire;589;52
bénédicte;8;632
domitille;2;638
angela;1;638
jeanneton;5;633
fortunée;6;631
lisa;1;636
palmire;65;571
jakob;629;1
zénaide;4;626
théobald;627;2
andréa;57;569
junien;622;3
adéle;5;619
fanie;8;615
gentien;620;3
flavien;619;3
héléne;5;617
wilhelm;615;2
aaron;614;2
damas;607;8
florimonde;1;612
gratian;610;0
thumette;0;609
elisabetha;0;608
brigide;4;600
mathis;603;0
sévère;400;203
adelle;2;600
clauda;6;596
mélaine;568;32
simonne;3;596
ferdinande;1;597
floris;587;11
polycarpe;569;28
seraphin;594;3
martialle;2;594
francesca;0;594
izabeau;6;588
périnne;1;593
baruch;573;18
hortence;5;584
parfait;588;1
cerf;587;0
godefroy;581;4
bastien;580;2
antonius;578;2
arbogast;576;4
noé;567;9
anicet;566;9
cordule;7;567
gédéon;572;2
marguerithe;4;570
edgard;566;3
laetitia;2;565
léo;562;5
cyriaque;559;7
jacque;559;3
manuel;559;2
emery;554;6
antide;552;6
légère;5;553
erasme;553;0
juvénal;550;2
gracianne;1;546
héléna;0;546
lazard;534;4
pelagie;3;535
vivande;1;535
honore;530;5
domitilde;12;522
pascale;4;530
cuny;524;7
franz;527;3
thierry;525;3
apollinaire;505;22
pulchérie;5;517
patern;519;2
timothée;501;20
pantaléon;520;0
perrinne;1;519
mayer;514;5
agathon;512;6
léonore;49;469
quintien;517;1
guérin;513;4
desle;483;32
scipion;514;1
ténénan;511;2
vitaline;2;511
maudez;505;7
mariane;3;508
meyer;497;14
thuriau;508;3
laurian;505;4
hyppolyte;493;14
aglaée;2;503
bertin;502;3
crépin;503;2
sylvaine;0;505
silvin;500;4
cornélie;8;494
felicie;5;497
horace;499;1
evre;481;18
petrus;493;6
celeste;57;439
régina;2;494
maxence;215;280
fanchette;3;491
lucine;1;492
renaud;489;4
adolphie;4;488
fidel;489;2
hydulphe;487;4
abdon;489;1
dina;3;486
walburge;6;482
florestine;4;482
numa;459;27
domenge;24;461
eglantine;3;481
valère;411;70
josepha;1;479
cunégonde;2;477
noyale;0;479
william;478;1
regina;1;477
fleurine;1;475
gerard;474;2
paterne;407;68
alcidie;2;470
chrysostome;468;3
geneviéve;2;469
restitude;5;464
phalier;462;4
guillermine;1;464
johanna;1;459
benoni;448;11
wendel;458;0
émilienne;0;457
mélie;0;457
michelette;2;455
damiane;0;456
théodorine;0;455
emil;449;5
amant;451;2
corneille;441;11
vivand;450;1
ronan;448;2
émélie;1;447
evrard;444;4
yolande;2;446
eusice;445;1
lise;2;444
bon;444;1
hippolite;416;29
iréné;413;31
jonathan;442;1
romble;440;3
hermann;439;3
azéma;5;434
ligier;436;2
philémon;435;3
max;434;3
placidie;1;436
nabord;435;0
gottfried;431;2
matteo;432;1
melaine;416;17
memmie;403;30
zoe;1;430
côme;418;11
marianna;0;427
albanie;5;421
géry;425;0
paschal;424;0
theresia;0;424
emmanuelle;2;419
philogène;385;35
cesar;417;2
damienne;0;419
lion;416;3
evariste;410;8
antonie;23;394
omérine;1;416
gangolf;414;1
guyonne;1;414
maurisaz;2;411
zelie;3;408
rozalie;3;406
innocent;405;1
virgine;3;403
sosthène;393;12
honorat;400;4
maximilienne;2;402
émilande;1;401
saturnine;0;401
philoméne;6;394
andrea;308;91
barthelemi;396;2
helena;0;396
guigner;393;2
reymond;395;0
jeane;5;389
thibaut;392;2
walbourge;7;386
adélina;1;391
nonne;5;385
gorgon;386;2
minette;1;386
paolo;387;0
pol;382;5
thibault;387;0
bertha;0;386
edgar;385;0
salomée;0;384
damase;365;16
noelle;1;380
léona;2;378
mammès;378;2
arsene;343;36
théotiste;31;348
yvon;379;0
faustin;376;2
anthime;360;16
argentine;1;375
michele;167;208
christiane;3;371
procule;7;367
anatolie;2;370
aubert;370;2
gasparine;0;372
karolina;0;372
médéric;370;1
balbine;1;368
magdelène;0;369
reyne;6;362
catarina;0;366
claudinette;3;362
emerance;4;361
grat;360;5
arnoux;355;9
tranquille;321;43
austreberthe;1;362
fiacrette;2;361
dorothea;1;361
suzette;0;362
jacobus;357;4
clodomir;354;6
malo;354;6
vidal;357;2
andréas;347;8
materne;331;24
napoleon;354;1
marié;337;16
estiennette;2;350
regine;2;350
flora;0;351
susanna;0;351
james;350;0
guilhem;347;1
joanna;2;346
bartholomé;344;3
françon;5;342
pétrus;344;3
elysabeth;1;345
franciscus;344;2
firmine;0;345
jane;2;343
lazarine;1;344
ondoyé;329;16
ennemonde;1;342
félicienne;0;343
santa;1;342
sebastienne;1;342
israël;340;2
tudy;340;1
cléophas;290;50
mardochée;338;2
mathive;1;339
agatha;3;336
alixe;14;325
pons;337;2
wilhelmine;1;338
adéline;0;338
angéle;1;337
amaury;334;3
ruffine;2;335
aime;322;14
santo;336;0
maddalena;0;335
zéphirine;0;335
dieudonnée;4;330
quitterie;1;333
sans;263;70
elmire;19;313
onézime;284;47
odilia;2;326
poncette;1;325
salvy;320;6
theobald;325;1
oswald;324;0
guinot;322;0
zénobie;4;318
girons;318;2
loup;316;4
élophe;318;1
kléber;316;3
cyprienne;2;315
pironne;0;316
aléxis;310;4
ghislain;313;1
pompée;44;270
thècle;12;301
amateur;311;1
margarethe;0;312
sv;204;108
floride;55;256
trémeur;309;2
vincelette;1;310
xavière;0;311
thibaud;310;0
elias;307;2
véran;309;0
walbourg;6;302
cornil;307;0
juliana;0;305
pasquale;299;5
candide;59;243
grace;2;300
hélaine;1;301
philiberthe;1;301
thiebault;300;1
amélia;0;300
gall;299;1
hanna;1;299
rambert;300;0
anthoinette;2;297
elzéar;299;0
leocadie;0;299
regis;296;2
sixte;287;11
alanette;2;295
gaudérique;293;4
fort;292;4
hubertine;1;294
zelia;0;295
apolonie;1;293
athalie;0;293
blaisine;0;293
cesarine;0;293
florie;17;276
hipolite;264;29
dimanche;31;261
hyacinte;193;99
ester;12;279
gaëtan;290;1
maxellende;3;288
giovanna;1;289
genest;288;1
maurize;3;286
montaine;5;284
ollive;1;288
thimothée;265;24
géran;287;1
sylvanie;1;287
fany;1;286
giacomo;287;0
gonzague;285;2
john;286;1
ulrich;287;0
g;282;4
périne;0;286
aliette;1;284
andoche;282;3
antoni;281;4
giraud;283;1
severin;282;2
bonnette;1;282
cantien;283;0
génie;22;260
junie;3;278
azeline;0;280
bertranne;1;278
fénelon;278;1
ghislaine;1;276
janvier;277;0
éloy;273;2
généreux;274;1
perette;1;274
protais;275;0
romuald;273;2
august;273;1
epiphane;242;32
valérien;274;0
amicie;0;273
aspasie;1;272
emerence;2;271
félicia;0;273
benoiste;0;272
cécilia;3;269
donatienne;1;271
aloys;264;7
brunette;2;269
psv;224;47
armelle;2;268
elvina;0;270
gervaise;5;263
aimee;0;265
foy;4;260
giulia;0;264
laurentius;263;0
léobon;260;2
gérald;261;0
marta;0;261
rossoline;0;261
siffrein;261;0
arnold;258;2
benjamine;0;260
desiree;2;258
hiacinthe;141;119
simeon;259;1
violette;12;248
artémise;3;256
honnoré;259;0
procope;257;2
rosalia;0;259
eucher;256;2
mélitine;0;258
zénon;251;7
emerentienne;0;257
modestine;0;257
od;177;80
prospère;135;122
catharine;1;255
morice;245;10
tristan;255;0
medard;250;4
prospérine;1;253
carlo;252;1
christmann;253;0
jaquette;1;252
josse;249;4
perpetue;3;250
philogone;234;19
anathalie;0;252
thiébault;252;0
ursuline;1;251
toussaine;1;250
catherina;1;249
honorade;3;247
azélie;0;249
baptistin;247;2
chaffrey;247;2
fleurette;1;248
fleurisse;151;98
aurelie;2;246
fulgent;248;0
hermence;2;245
ludovicus;244;3
philippa;1;246
edwige;1;244
gaspar;244;1
quintienne;0;245
bravy;243;1
dorothee;2;242
franziska;6;238
paulette;2;242
pélerin;243;1
aymar;243;0
cirgues;240;3
lucette;0;243
denize;3;239
féréol;237;5
patrocle;240;2
urbane;1;241
gustine;1;240
saintin;241;0
bénédictine;1;239
edmee;3;237
jeanette;1;239
vinoc;236;4
lucresse;1;238
appolline;1;237
stefano;238;0
florimont;236;1
hercule;230;7
odille;19;218
vindicien;237;0
vitale;34;203
dagobert;234;2
lorenz;235;1
vérain;236;0
natale;231;4
odilon;229;6
alexine;0;234
lea;2;232
lehmann;234;0
lucy;1;233
annie;2;231
evelina;1;232
jude;224;9
saubade;2;229
sebastian;231;0
simphorien;231;0
thérese;1;230
eléonor;183;47
félice;11;219
lucille;3;227
abigail;3;226
adrian;227;2
nunzia;3;226
phanie;2;227
rachelle;0;229
bartolomeo;228;0
ismerie;2;226
ermance;2;225
f;23;204
fortunat;223;4
jeanny;8;219
lievin;227;0
thomase;3;224
felicité;3;223
jaoua;225;1
nonce;170;56
odon;223;2
policarpe;200;25
caprais;223;1
annonciade;0;223
bienaimé;221;2
joachin;223;0
almire;184;38
crespin;220;2
dauphin;221;1
élodie;0;222
myriam;0;222
trophime;209;13
bibiane;0;221
luigi;221;0
orélie;0;221
angèlique;0;220
arcade;207;13
beatrix;4;216
léonor;209;11
nn;137;83
dorothé;8;211
eliane;0;219
patient;219;0
sydonie;3;216
venant;219;0
adelphe;186;32
cécille;0;218
émilien;216;2
jehan;217;1
carolus;214;3
guilhaumette;0;217
agne;3;213
cyril;215;1
elisé;200;16
felicien;213;3
isbergue;7;209
anette;1;214
dominico;214;1
liévine;3;212
teresa;0;215
diane;1;213
télesphore;213;1
amélina;0;213
josef;211;2
tobie;209;4
alzire;25;187
gaudens;210;2
hortance;0;212
lisette;1;211
ludan;211;1
athénais;8;203
elina;1;210
gérand;211;0
isaure;9;202
théodora;0;211
franois;210;0
juvenal;210;0
thais;5;205
valerie;5;205
hedwige;0;209
pierette;0;209
prudente;0;209
polonie;1;206
aurélien;206;0
hans;205;1
hélie;175;31
denyse;1;204
jouan;204;1
pérrine;0;205
zélina;1;204
auger;203;1
mamert;204;0
noemie;1;203
helène;1;202
izaac;203;0
zulmée;0;202
balthazarde;2;199
carmen;1;200
fleurentine;1;200
nephtali;199;2
urbanne;1;200
guillelmine;0;200
martino;200;0
valery;188;12
éloise;4;195
ursulle;1;198
deile;188;10
domengea;2;196
héleine;1;197
arnoult;196;1
concorde;1;196
etienette;2;195
férréol;196;1
désir;194;2
émelie;0;194
floribonne;2;192
fuscien;194;0
gouesnou;194;0
judas;192;2
jullienne;1;193
ladislas;193;1
marieanne;1;193
walburga;0;194
jacobée;3;190
nicholas;193;0
wilfrid;189;4
anonime;118;74
brévalaire;190;1
chantal;0;191
gilonne;0;191
imbert;191;0
martha;1;190
maryvonne;0;191
valérine;0;191
desiré;188;2
izabelle;0;190
julianne;1;189
lié;189;1
ottilia;1;189
savine;2;188
aglaë;0;189
alexina;1;188
méliau;188;1
perine;2;187
saveria;0;189
alberte;1;187
crescence;3;185
elysée;174;14
guislaine;0;188
antony;185;2
archambaud;186;1
ciprien;187;0
salomea;0;187
stephan;185;2
toussine;0;187
agénor;183;3
emanuel;186;0
emée;3;183
ignazio;186;0
mathieux;185;0
adélaîde;1;183
aymard;183;1
faustine;1;183
méry;171;13
veran;182;2
alphée;170;13
divine;1;181
eugen;181;1
hélèna;0;182
lionel;182;0
maurille;167;15
etiennaz;0;181
frumence;124;57
paulus;181;0
tomaso;180;1
crésence;0;180
guillain;179;1
vivien;180;0
berthilde;0;179
france;46;133
bernhard;177;1
caterina;0;178
cézarine;0;178
gérôme;176;2
mari;167;11
rustique;145;33
floria;5;172
herman;177;0
mina;0;177
anaclet;174;2
chartier;176;0
franã§ois;174;2
myrtil;171;5
sénateur;175;1
victorice;155;21
alvina;0;175
appollonie;0;175
hypolitte;158;17
laura;1;174
rieul;175;0
roberte;0;175
thimotée;166;9
agostino;174;0
chrisoline;0;174
clère;0;174
saubat;172;2
élisée;140;33
luise;2;171
cladie;1;171
zéa;1;171
adalbert;171;0
amboise;157;14
gertrud;0;171
guilhelme;1;170
jaques;170;1
jacobine;0;169
lorenzo;169;0
seconde;0;169
alexie;18;150
angelin;168;0
fannie;0;168
thomassine;0;168
angel;148;19
bienvenu;163;3
budoc;166;0
frantz;166;0
heloise;1;165
luisa;0;166
saverio;166;0
theresa;2;164
césarie;5;160
fleurant;162;3
henricus;164;1
hypolithe;154;11
letizia;1;164
similien;165;0
julius;163;1
zéphyr;163;1
emeric;161;2
israel;160;3
macaire;160;3
philipine;0;163
jeanine;1;161
othilie;1;161
angéla;0;161
appolonia;0;161
baltazard;161;0
briac;160;1
charle;156;5
lin;158;3
mirza;4;157
tiburce;158;3
florette;0;160
margarita;1;159
noémi;9;151
thiebauld;160;0
vedastine;3;157
ciriac;159;0
isoline;0;159
justinien;158;1
achile;158;0
florimone;2;156
fréderic;158;0
guiraud;158;0
jerôme;157;1
martinus;156;2
sybille;2;156
remie;0;157
amande;2;154
caspard;156;0
charline;0;156
florice;113;43
m;87;69
nina;0;156
théodosie;2;154
adolf;154;1
elize;5;150
andrive;3;151
brieuc;152;2
gérome;153;1
gerson;153;1
clémentin;152;1
fidele;150;3
filippo;151;2
gentille;1;152
gourgon;153;0
augustave;151;1
domingo;150;2
elisabetta;0;152
hipolyte;140;12
amedee;137;14
clorinde;2;149
ferjeux;150;1
sophronie;5;146
andéol;150;0
hildevert;148;2
landelin;150;0
léone;2;148
malcy;1;149
rogatien;149;1
vincens;150;0
adelice;1;148
alex;138;11
bénonie;67;82
brutus;148;1
cecilia;1;148
cécilien;149;0
gauthier;148;1
lucrece;1;148
yrieix;149;0
agata;0;148
beatrice;2;146
froisine;0;148
joël;147;1
ferreol;145;2
fleurent;147;0
sylvère;139;8
emerentine;1;145
eusébie;0;146
pulcherie;2;144
reinhard;146;0
suzane;0;146
adelson;143;2
avit;144;1
barthelémy;144;1
baselice;0;145
florina;1;144
gery;145;0
gisèle;0;145
jéromine;4;141
alpinien;144;0
angelo;144;0
baltazar;144;0
noélie;1;143
adrianne;0;143
laurette;2;141
quiterie;1;142
ysabelle;1;142
zephirin;143;0
aprone;2;140
armeline;0;142
fortune;124;18
gothon;5;137
hirma;4;138
brigitta;0;141
emérance;0;141
ezilda;1;140
genès;141;0
gens;139;2
jehanne;0;141
lia;1;140
raoulette;1;140
yacinthe;60;81
alexander;140;0
alise;1;139
austremoine;139;1
barthelemie;9;131
chrétienne;0;140
giles;139;1
herlé;140;0
micheline;0;140
prospert;140;0
vaast;138;2
domice;132;7
mortné;128;11
paula;1;138
thimothé;138;1
bastienne;0;138
deil;137;1
franã§oise;3;135
jaque;137;1
prince;138;0
quiric;138;0
sabin;138;0
aymé;136;1
fleurance;1;136
fleurice;33;104
heleine;3;134
zoée;0;137
athanaise;2;134
églantine;0;136
gille;134;2
hermand;136;0
ismaël;134;2
modéré;136;0
nicolao;136;0
olry;136;0
agathange;124;11
amed;135;0
elia;23;112
floréal;110;25
guyon;135;0
lydia;1;134
marcou;135;0
margareta;1;134
soulange;2;133
walbourgue;0;135
franck;134;0
furcy;133;1
gontran;134;0
hayem;130;4
marcus;134;0
nonna;131;3
romaric;134;0
yvan;134;0
alicia;1;132
bily;132;1
cassien;133;0
martina;1;132
pamphile;127;6
richardis;4;129
caradec;132;0
léonille;1;131
sigismund;132;0
tony;132;0
arséne;119;12
bizien;131;0
eduard;130;0
hylaire;123;7
laurans;130;0
sever;128;2
aldebert;129;0
athénaise;0;129
felice;51;78
ignatius;128;1
mattea;0;129
zéphyrin;128;1
bélonie;57;71
damarisse;1;127
euphemie;1;127
eusebe;122;6
ildefonse;121;7
ivan;128;0
pasquier;128;0
péronnelle;0;128
théotime;118;10
thérésia;1;127
aglae;1;126
arnaude;0;127
benoitte;0;127
léobin;127;0
sadi;126;1
zenaide;1;126
agapite;114;12
alberic;124;2
christoph;126;0
iphigénie;0;126
lidie;0;126
stephane;118;8
zaire;5;121
andreanne;0;125
bertine;1;124
elisabethe;1;124
ephraim;124;1
gabriele;12;113
hélis;0;125
leonce;108;17
malka;0;125
maury;124;1
poline;0;125
seligmann;123;2
fabienne;0;124
josèph;123;1
theodule;122;2
fleuri;120;3
frederique;11;112
gustin;122;1
oliphie;1;122
prudentienne;1;122
caliste;99;23
claudie;2;120
emiliand;121;1
nizier;121;1
angelle;1;120
clélie;0;121
eymard;121;0
léonidas;116;5
ludovica;4;117
savin;121;0
serge;120;1
vénérande;1;120
adelin;117;3
assomption;0;120
chéri;117;3
clette;115;5
elena;0;120
emérence;0;120
girard;118;2
gonery;119;1
isidorine;0;120
leo;120;0
magdelene;0;120
niclaus;120;0
sidoine;99;21
thimoté;119;1
dieudonne;118;1
guilain;117;2
jassuda;118;1
kilian;119;0
michaël;118;1
obéline;0;119
octavien;119;0
renelde;5;114
sanson;119;0
savinie;0;119
agricol;117;1
basilice;4;114
christien;117;1
ephrem;115;3
françis;117;1
sipora;0;118
ysabeau;3;115
charlotta;0;117
doumenge;4;113
emérentienne;1;116
ernst;117;0
giulio;116;1
lazarre;112;5
leandre;111;6
renobert;116;1
sebastianus;116;1
toussain;117;0
eleuthère;109;7
emerantine;0;116
fulcran;114;2
inès;0;116
manne;2;114
servan;115;1
tudine;1;115
anthony;113;2
édmé;114;1
eléonie;1;114
paola;2;113
salvador;112;3
thérésine;1;114
ulric;114;1
colombanne;0;114
esprite;0;114
eymeric;114;0
georgius;113;1
graci;1;113
isaline;0;114
jeannine;0;114
karoline;0;114
léonord;103;11
philéas;113;1
avoye;2;111
exupère;88;25
gaudence;36;77
hypolyte;104;9
madalena;1;112
yvonnette;0;113
adolph;108;4
alodie;1;111
apolinaire;108;4
derrien;110;2
elzéard;112;0
englebert;112;0
euphroisie;0;112
josèphte;0;112
maxellence;1;111
noêl;110;2
priest;112;0
bertille;4;107
come;108;3
gotton;3;108
héliodore;105;6
hortensia;0;111
inommé;101;10
jeannet;106;5
liboire;105;6
rémond;109;2
saturine;0;111
allanette;0;110
glossinde;0;110
ondoyée;2;108
pie;101;9
quéric;109;1
usmarine;2;108
voltaire;110;0
cléophée;1;108
francisco;108;1
gaspart;109;0
gottlieb;108;1
guerin;108;1
laurente;1;108
orphise;1;108
rousse;0;109
antoinnette;0;108
cado;107;1
chrisostôme;108;0
clairette;0;108
joannis;106;2
lézin;107;1
melina;0;108
théodor;107;1
winoc;108;0
alidor;105;2
amalia;0;107
émilia;0;107
fleuris;98;9
guillemine;0;107
norbertine;1;106
péronelle;0;107
principe;106;1
rufin;105;2
théodose;73;34
timoléon;107;0
vast;107;0
zélima;1;106
albain;105;1
batilde;1;105
bazille;100;6
claudaz;1;105
gaétan;106;0
abeline;0;105
adhémar;105;0
apollonia;0;105
aymée;1;104
guinolay;104;1
hillaire;101;4
lazaire;32;73
lorent;105;0
morandus;105;0
nicodème;101;4
polixine;0;105
usmar;104;1
christin;104;0
chrysoline;1;103
domitile;6;98
juliane;0;104
maur;103;1
mayol;104;0
zoë;0;104
aminthe;13;90
anasthase;71;32
edmonde;0;103
géral;103;0
indéfini;81;22
nabor;100;3
nannette;0;103
thomasine;0;103
vitalis;100;3
yvette;1;102
zéline;0;103
cadet;100;2
fronton;100;2
gengoulph;102;0
guillem;100;2
margaritha;0;102
priscille;8;94
rébecca;1;101
tremeur;102;0
zephir;100;2
amante;1;100
corinne;0;101
irene;15;86
maguerite;0;101
onesime;84;17
symphorose;2;99
therèse;0;101
vitalle;4;97
basilide;43;57
jacquotte;0;100
joséph;99;1
juan;100;0
ruffin;100;0
silvère;98;2
stillborn;74;26
symphorienne;0;100
ursine;0;100
agapit;96;3
anita;0;99
aphrodise;94;5
aventin;99;0
balthasard;99;0
idalie;0;99
louize;1;98
nickel;99;0
primel;95;4
raymondine;0;99
servanne;1;98
sibille;2;97
stella;1;98
ursmer;99;0
venance;93;6
vorle;99;0
agricole;80;18
airy;95;3
alina;0;98
alma;2;96
astasie;0;98
chérie;2;96
clere;2;96
esmé;92;6
fébronie;0;98
florentz;98;0
germanie;1;97
justina;0;98
méen;98;0
mort;79;19
rosaline;0;98
timothé;95;3
alfreda;0;97
célie;0;97
clorinthe;2;95
domitien;97;0
éliza;1;96
lambertine;3;94
polydore;96;1
thérésa;1;96
tulle;0;97
wolfgang;97;0
artus;96;0
babet;0;96
celenie;0;96
colombane;1;95
ermine;0;96
euranie;1;95
gabrièle;0;96
gratienne;2;94
innocente;0;96
josias;95;1
julite;1;95
liza;1;95
margareth;1;95
oury;95;1
suzanna;1;95
thuriane;1;95
vincence;1;95
alexandra;1;94
cajetan;95;0
henrich;95;0
maximien;95;0
péroline;0;95
thénénan;95;0
aubertine;1;93
claris;8;86
eric;94;0
géraude;0;94
isabella;0;94
phillipe;86;8
severine;2;92
zelmire;1;93
adéodat;90;3
albane;0;93
barnabe;91;2
bélanie;0;93
bérénice;0;93
eveline;0;93
florisse;24;69
gracian;92;1
léoncie;0;93
mammes;88;5
mémie;91;2
messidor;77;16
nicolade;0;93
orsola;2;91
philipe;59;34
aloysius;90;2
arnauld;92;0
aurélia;0;92
euphanie;0;92
foi;1;91
homère;88;4
jammes;92;0
josé;91;1
urbin;92;0
brigite;0;91
chiara;0;91
christ;89;2
edward;91;0
esperance;0;91
félise;0;91
fidélie;2;89
fromette;0;91
gondrice;3;88
huberte;0;91
paisible;2;89
thereze;0;91
wiry;91;0
adélie;0;90
aldégonde;0;90
amelina;0;90
cyriac;90;0
diogène;87;3
genevièvre;0;90
gui;90;0
guilbert;90;0
infant;60;30
isabel;4;86
jonathas;89;1
kleber;88;2
matilde;0;90
sébastian;89;1
annick;0;89
cazimir;89;0
christophle;80;9
édith;1;88
elphège;83;6
guérine;1;88
joan;89;0
marty;88;1
mathurinne;0;89
nsv;46;43
olympie;0;89
osithe;0;89
armentine;0;88
flory;77;11
frix;87;1
fulbert;88;0
jeremie;86;2
job;88;0
odet;88;0
sebastiano;88;0
tréphine;1;87
amaranthe;6;81
aveline;0;87
benedetto;87;0
celinie;0;87
darie;2;85
gustav;87;0
ladreyt;85;2
olympiade;12;75
quintin;86;1
restitue;2;85
romanie;1;86
angelica;0;86
appolinie;1;85
arméline;0;86
barnabée;2;84
eleonor;63;23
emeline;0;86
florida;0;86
genet;85;1
gobrien;86;0
guilhalme;1;85
othon;85;1
vidian;83;3
vivante;0;86
blondine;0;85
borach;85;0
domenica;0;85
gérasime;79;6
guénin;85;0
heymann;84;1
jumeau;81;4
léonel;85;0
odot;82;3
olivia;0;85
ouen;84;1
rolande;0;85
théofrède;85;0
thurianne;1;84
willibald;84;1
zozime;76;9
cathrine;0;84
clémente;1;83
cristine;0;84
damassine;0;84
eugenia;1;83
gertrudis;0;84
lodoiska;1;83
remiette;0;84
thérence;2;82
tobias;84;0
vallier;80;4
anastaise;1;82
azéline;0;83
basilisse;2;81
célanie;0;83
elaine;2;81
evelyne;0;83
gauderique;83;0
mery;79;4
noëlie;0;83
silvestro;83;0
taurin;83;0
alcime;74;8
bernade;0;82
goal;82;0
godelive;0;82
goudchaux;82;0
haude;0;82
magdaleine;0;82
margaret;0;82
nicolette;0;82
noë;82;0
simonette;1;81
stephanus;82;0
audouin;81;0
catalina;1;80
eliacin;80;1
floribert;81;0
fritz;80;1
frosine;0;81
johan;81;0
jossine;0;81
natalis;77;4
renelle;1;80
septime;68;13
vivent;81;0
basilique;26;54
bélisaire;73;7
catiche;0;80
charité;0;80
emérantine;1;79
emilian;80;0
gracien;80;0
helaine;0;80
jacinthe;18;62
livia;0;80
rèmy;80;0
thadée;76;4
verain;80;0
vittoria;0;80
aman;79;0
arbogaste;78;1
cirille;66;13
dominiquaz;0;79
gérardine;0;79
mauriza;0;79
napoleone;66;13
pasquin;79;0
renault;79;0
saubadine;0;79
theodor;79;0
vorles;79;0
clary;24;54
eufroisine;2;76
hélion;78;0
huguet;78;0
katherine;0;78
libère;2;76
maffre;76;2
marina;1;77
mireille;1;77
vindicienne;0;78
aglaure;0;77
alzina;1;76
anatalie;1;76
arthémon;76;1
azémia;0;77
corneil;76;1
eglé;0;77
guilaume;77;0
louyse;0;77
vulfran;77;0
affre;8;68
alisse;2;74
bartholomée;11;65
cirice;74;2
couronne;1;75
damarice;2;74
desirée;1;75
dominicus;76;0
eliana;0;76
frederick;76;0
jacquême;0;76
marinette;0;76
martinien;76;0
olimpe;7;69
seligman;76;0
tudec;76;0
agate;2;73
carole;0;75
damasse;74;1
ella;1;74
françine;1;74
herveline;1;74
leopoldine;0;75
pourçain;74;1
séphora;0;75
vincenzo;75;0
amarante;4;70
engelbert;74;0
friederich;73;1
hartmann;73;1
herménégilde;25;49
hospice;74;0
joaquim;74;0
laëtitia;0;74
léonne;0;74
madeline;0;74
mortnée;0;74
pancras;74;0
salvi;73;1
thèrèse;0;74
alexia;3;70
andres;73;0
andrieu;73;0
annibal;73;0
arnault;73;0
arthemise;1;72
emiliane;2;71
erhard;72;1
esme;72;1
éva;0;73
genereuse;0;73
gentil;72;1
gertruda;0;73
graziosa;1;72
hélenne;0;73
philipette;0;73
placidine;0;73
verane;0;73
yvone;1;72
anathoile;42;30
andréane;0;72
andree;1;71
bessel;1;71
chaterine;0;72
climène;0;72
doucette;0;72
elouan;72;0
fidéle;71;1
frida;0;72
gilibert;71;1
henrietta;1;71
josephina;0;72
leonide;11;61
liesse;4;68
lorette;0;72
moricette;0;72
oliva;0;72
otto;72;0
secondine;1;71
spire;72;0
théophane;72;0
thérèsia;0;72
thimoléon;71;1
thoinette;1;71
werner;71;1
wilhelmina;0;72
alour;69;2
aynard;71;0
béate;4;67
bianca;0;71
bologne;1;70
evodie;0;71
guillonne;0;71
hippolythe;64;7
jost;71;0
marcantonio;71;0
moritz;70;1
regnault;71;0
rollande;0;71
syre;8;63
adel;34;36
antelme;70;0
battista;69;1
blasius;70;0
cathérine;0;70
egide;66;4
émerance;0;70
gaetan;70;0
georgia;0;70
gonzalve;69;1
héand;70;0
honorate;1;69
janette;1;69
josephette;1;69
sorlin;70;0
thurienne;0;70
adèlaide;0;69
augustinus;68;1
cézaire;65;4
didiere;0;69
emilland;68;1
florestan;68;1
franoise;2;67
galle;66;3
goeury;69;0
jacquinne;0;69
jospeh;69;0
philidor;69;0
rosaly;0;69
amelia;1;67
andréaz;1;67
angely;62;6
armante;2;66
coelina;0;68
emilianne;0;68
erminie;0;68
genes;66;2
giacinto;65;3
gillonne;1;67
joanne;19;49
joannet;65;3
landry;67;1
léonise;0;68
ludovique;5;63
lupien;68;0
mansui;67;1
mnm;68;0
omerine;0;68
précieuse;0;68
reynaud;67;1
seurette;0;68
souveraine;1;67
vérène;1;67
affra;1;66
avoie;2;65
azema;2;65
bernadine;1;66
délie;0;67
elisabet;0;67
gemme;3;64
nephtalie;50;17
pancrasse;67;0
philemon;67;0
sincère;55;12
tharsile;22;45
thecle;7;60
a;42;24
donate;17;49
florentius;64;2
guillalme;0;66
lazarde;0;66
mathée;2;64
mauricia;0;66
pétroline;0;66
rosemonde;0;66
sernin;65;1
tite;64;2
ulalie;0;66
ursmar;65;1
ariste;65;0
azoline;1;64
bauduin;64;1
deny;65;0
geronimo;65;0
lacombe;64;1
liphard;65;0
louys;64;1
ludovie;0;65
margerite;3;62
marielle;0;65
mériadec;64;1
miguel;65;0
pelerin;65;0
philip;65;0
pierrine;3;62
ruben;65;0
vigor;65;0
xfils;65;0
amalie;0;64
angette;0;64
barthélèmy;64;0
benedetta;1;63
cidonie;0;64
dalila;0;64
dupré;64;0
ellen;0;64
ermence;1;63
fénélon;63;1
fleurantine;1;63
fursy;64;0
gladie;0;64
gustavie;0;64
josselin;64;0
pedro;64;0
quénan;64;0
seraphie;0;64
vérane;0;64
victurnien;63;1
arthus;62;1
bernardus;63;0
blaisie;1;62
cristophe;63;0
demet;63;0
ferdinant;63;0
gérarde;1;62
hermant;63;0
hindel;3;60
pipe;63;0
quentine;0;63
raimonde;0;63
réparate;10;53
roman;63;0
saloméa;0;63
veronica;0;63
vinard;62;1
abéline;0;62
alfrédine;0;62
barthélemie;9;53
bastiano;62;0
baudile;61;1
bibianne;2;60
bibienne;0;62
bieuzy;60;2
cassiodore;58;4
damaris;3;59
ermeline;0;62
fleuret;62;0
fulcrande;0;62
godefroi;62;0
hughes;62;0
léodie;1;61
ludovine;2;60
maudé;55;7
zénobe;60;2
adine;1;60
angella;0;61
apollon;61;0
athanasie;1;60
barthélémine;0;61
basle;60;1
clemens;60;1
collette;4;57
cornille;43;18
emelina;0;61
faron;60;1
floribonde;0;61
frieda;0;61
guilhemette;0;61
hana;0;61
hélene;0;61
hélix;2;59
homérine;0;61
irmine;1;60
jéronime;1;60
léocardie;0;61
matern;56;5
moreil;61;0
noëline;0;61
ortance;0;61
philippus;61;0
remèze;61;0
tancrède;60;1
usmérie;1;60
valence;9;52
x;28;33
xiste;58;3
alfons;60;0
andrieux;60;0
daria;0;60
epiphanie;3;57
erasmus;60;0
évariste;59;1
gonéry;60;0
hermeline;0;60
lievine;0;60
nancie;0;60
phillippe;60;0
amede;59;0
anseline;9;50
brigida;0;59
camilla;0;59
chrisotome;59;0
emérentine;1;58
enriette;0;59
foulques;59;0
franciska;0;59
front;59;0
gand;59;0
hylarion;59;0
janeton;0;59
laurencie;0;59
laurencine;0;59
nadine;0;59
second;58;1
silas;59;0
valbourg;3;56
vincense;0;59
arnoul;57;1
balsamie;0;58
benedict;54;4
dévote;3;55
elizabet;0;58
gengoul;58;0
giron;58;0
josefa;0;58
magdalaine;0;58
marcello;58;0
mario;56;2
optat;53;5
phany;0;58
quiriace;58;0
rocco;58;0
rupert;58;0
stephen;58;0
theobaldus;58;0
zéphire;37;21
albérique;34;23
alfonse;57;0
basilie;0;57
bravi;56;1
brendel;1;56
célerine;0;57
cesaire;42;15
cyrice;57;0
damarise;0;57
diana;0;57
elyse;3;54
elzear;57;0
fleur;5;52
ludgarde;0;57
maixent;57;0
mnf;1;56
paulina;3;54
piere;57;0
salvadore;56;1
silvanie;0;57
thaurin;57;0
thépault;56;1
viatre;56;1
zéphérine;0;57
zilda;0;57
zima;0;57
adélia;0;56
aldéric;55;1
ambrosius;55;1
anriette;3;53
anthèlme;56;0
aure;0;56
benedictine;0;56
benedictus;51;5
cléonice;9;47
eglée;0;56
elisabette;2;54
fabiana;1;55
fabrice;56;0
gobert;54;2
guillalmette;0;56
guillaumine;1;55
hermenegilde;35;21
julian;56;0
marguerie;2;54
pantaleon;56;0
paschaline;0;56
paulonie;1;55
polixène;6;50
télésphore;55;1
valéri;54;2
valier;55;1
vorlette;0;56
adelbert;55;0
alphons;55;0
amour;48;7
antoinaz;1;54
bathélémy;55;0
bernardino;54;1
blimont;55;0
clairine;1;54
dorothéa;0;55
genneviève;0;55
gentile;1;54
guillelme;2;53
guitton;2;53
j;46;9
jennie;0;55
line;3;52
marque;7;48
merlé;0;55
mesmin;55;0
monica;0;55
raine;0;55
salvin;55;0
walter;55;0
aimard;54;0
alcine;14;40
alessandro;54;0
amèlie;0;54
bella;0;54
brebion;24;30
caterine;0;54
catherinne;1;53
cyrile;52;2
cyrus;54;0
fabian;53;1
gal;53;1
geffroy;54;0
ignatz;53;1
ildephonsine;0;54
jacobé;5;49
lajeunesse;53;1
léocade;18;36
lizier;54;0
madelon;5;49
marcantonia;0;54
michellaz;0;54
n;40;14
raulin;52;2
ruphine;0;54
simond;51;3
suzon;1;53
adelphie;29;24
aimery;53;0
antoinne;53;0
barthélemi;52;1
brandan;53;0
cerice;51;2
chrisosthome;53;0
cirile;47;6
emmelie;0;53
emmeline;0;53
emond;53;0
fidèline;0;53
geofroi;53;0
johannès;53;0
julianna;0;53
jullie;2;51
jumeaux;50;3
libert;28;25
louisette;0;53
louvent;53;0
mamès;53;0
nélie;0;53
nellie;0;53
patrick;53;0
tristant;53;0
ursanne;53;0
zaccharie;51;2
ambroggio;52;0
andrew;52;0
andronique;46;6
benedicte;10;42
chrisogone;47;5
ciriaque;51;1
cléonie;0;52
damasine;0;52
divy;52;0
eymery;52;0
hippolytaz;0;52
hugue;52;0
isodore;52;0
livie;0;52
mathilda;1;51
menge;51;1
nunzio;52;0
othilia;0;52
ramon;52;0
salvatore;52;0
sébastianus;51;1
thérèsine;1;51
urban;52;0
urbine;0;52
aima;2;49
alfonso;51;0
alfréda;0;51
alfredine;0;51
ameline;0;51
cir;51;0
cire;19;32
constand;51;0
crepin;51;0
darius;51;0
elzeard;51;0
emerentiane;0;51
emiliande;0;51
ethienne;51;0
hilarie;2;49
himère;51;0
hyppolithe;47;4
ithier;51;0
jacobea;2;49
jasmin;51;0
létitia;0;51
magdaléna;0;51
mariano;51;0
oside;9;42
philadelphe;50;1
sylvia;0;51
titus;50;1
vélina;0;51
agile;50;0
allexis;50;0
ame;46;4
amon;50;0
bonaventura;46;4
couronné;50;0
déodat;50;0
edouart;50;0
éléonor;43;7
emé;48;2
euge;50;0
eugénia;0;50
gébertrude;0;50
guenole;50;0
hersilie;0;50
hirtz;49;1
idoux;50;0
isai;50;0
ismael;50;0
joackim;50;0
libéral;50;0
ludger;50;0
magdalèna;0;50
miette;0;50
obeline;0;50
pharailde;0;50
philomena;0;50
philoxime;49;1
ramond;49;1
sn;31;19
thérèsa;0;50
verena;0;50
victorinne;0;50
villars;49;1
wenceslas;50;0
albanne;1;48
allour;49;0
anselm;49;0
arsenne;23;26
auxiliatrice;0;49
bengude;0;49
cattarina;0;49
cornelie;1;48
cyre;9;40
emerantienne;0;49
gregorio;49;0
illisible;31;18
joséphe;0;49
juana;0;49
lange;49;0
magdalene;0;49
mindel;1;48
nicoline;0;49
onésiphore;48;1
porphyre;46;3
rosalinda;0;49
rosalinde;25;24
stéphan;49;0
ugénie;0;49
wulfran;49;0
yseult;0;49
armide;5;43
belle;0;48
bernardo;48;0
bilyenne;0;48
boscat;48;0
claudien;48;0
erneste;35;13
ezéchiel;47;1
faustina;0;48
giacominetta;0;48
guillauma;1;47
helenne;0;48
hirsch;48;0
judes;48;0
jule;42;6
luciano;47;1
lyon;47;1
magdelena;0;48
maurisa;0;48
ortense;1;47
osmin;48;0
palma;0;48
palmyr;46;2
parfaite;0;48
prospere;33;15
quantin;48;0
quinibert;48;0
remond;47;1
roselyne;0;48
séraphique;4;44
serein;48;0
simplice;43;5
thr;0;48
tudyne;0;48
ustelle;0;48
victorie;11;37
zémia;0;48
attale;33;14
barthlmy;47;0
baudouin;47;0
garçon;42;5
gautier;47;0
hermandine;1;46
honoree;0;47
liébert;47;0
médart;47;0
persile;0;47
pierrre;47;0
réol;46;1
simonde;0;47
stefan;47;0
théobaldus;47;0
vérand;47;0
wendelinus;47;0
zenobie;0;47
abélard;46;0
alexi;46;0
alphé;46;0
améline;0;46
ananie;7;39
appollinaire;43;3
aubierge;1;45
auxile;46;0
breinel;1;45
cecille;0;46
cézar;46;0
claudy;41;5
eléontine;0;46
francisse;39;7
gangolph;46;0
guiseppe;46;0
guttel;0;46
hectorine;0;46
hégésippe;41;5
hermantine;0;46
ignaz;46;0
laurine;2;44
ligière;0;46
marco;46;0
nectaire;46;0
poncet;46;0
quilicus;46;0
roc;46;0
serafina;1;45
sire;5;41
valentinus;46;0
anaisse;1;44
aquilin;45;0
arcène;26;19
bartholomeus;44;1
batta;44;1
bénédict;42;3
bénine;0;45
cunegonde;0;45
dominik;45;0
edmont;45;0
éliane;0;45
elsa;1;44
émmanuel;45;0
firmain;45;0
germer;44;1
hiérome;45;0
jérémy;45;0
libérale;0;45
lucius;45;0
manette;0;45
mariola;0;45
maturin;44;1
meriam;0;45
noelie;2;43
noéline;0;45
ophélie;0;45
patience;0;45
phillipine;0;45
praxède;4;41
remacle;43;2
roberde;0;45
s;19;26
telesphore;41;4
thobias;45;0
vénérante;0;45
vitalie;1;44
amarin;44;0
aménaide;1;43
augustina;1;43
auxilia;0;44
boson;44;0
cléophine;0;44
eleuther;41;3
engelhard;44;0
félixe;4;40
fleurestine;0;44
florance;0;44
francille;0;44
frédérick;44;0
genoveva;2;42
geromina;0;44
guilhelmette;0;44
gury;43;1
hélise;0;44
hiacinte;24;20
ildéphonse;44;0
jeannne;0;44
margarida;0;44
mariuccia;0;44
milande;0;44
nicklaus;44;0
olinda;0;44
ozélia;0;44
pîerre;44;0
rosanne;0;44
satur;44;0
severe;39;5
tonine;1;43
vulfranc;44;0
y;42;2
adélayde;0;43
agnese;0;43
ambroisie;0;43
berthile;2;41
cerise;5;38
cilinie;1;42
dosithée;25;18
dsir;33;10
elis;9;34
eugenne;4;39
fanni;0;43
flour;40;3
fortis;43;0
goetschel;39;4
herbert;42;1
jacobe;1;42
jeanbaptiste;43;0
jucondin;43;0
judique;2;41
mandé;42;1
marcantea;0;43
marian;32;11
maximillien;43;0
mercure;43;0
méven;41;2
moyses;42;1
onezime;40;3
oudette;1;42
p;33;10
pérette;0;43
prisca;0;43
prosperine;0;43
raimon;43;0
romée;41;2
sylvin;43;0
théoline;0;43
thurien;43;0
victoric;43;0
vincende;0;43
virginia;0;43
ythier;43;0
zelina;0;43
adelayde;0;42
agnesse;1;41
alfrède;22;20
aloèèse;42;0
amandus;41;1
antime;40;2
armant;42;0
assiscle;42;0
audivine;0;42
batiste;42;0
benel;42;0
béranger;42;0
cain;42;0
celestina;0;42
dorotea;0;42
elizée;28;14
emerie;30;12
euchaire;42;0
fenelon;42;0
fidelle;30;12
franc;42;0
garcon;42;0
herrmann;42;0
hypollite;41;1
izidore;40;2
léonisse;3;39
lippmann;42;0
manon;0;42
marcien;42;0
mariejeanne;1;41
miriam;0;42
nataline;0;42
nerte;0;42
romarin;42;0
romulus;42;0
rudolphe;42;0
sérène;1;41
siegfried;41;1
teodora;3;39
thiery;42;0
unité;13;29
vulgan;42;0
walburg;2;40
xfille;0;42
adoline;0;41
adonia;0;41
alfrede;28;13
aloÿse;41;0
apolonia;1;40
ariadne;0;41
arménie;1;40
arnestine;2;39
athanas;41;0
basiline;0;41
baudille;41;0
breinlé;0;41
camil;37;4
célérine;0;41
crisoline;0;41
enimie;1;40
epvre;40;1
euphasie;0;41
euphrosyne;1;40
fides;5;36
franchette;0;41
frise;1;40
fructueux;41;0
gaucher;39;2
gratie;0;41
jacquème;1;40
juny;0;41
laurant;41;0
lazar;40;1
leona;0;41
luglien;41;0
luiggi;41;0
luis;41;0
mammés;41;0
mative;0;41
méline;0;41
mérance;0;41
moses;41;0
nicollas;41;0
pellerin;41;0
philberte;0;41
rémie;1;40
renè;41;0
rosane;0;41
servois;41;0
tanneguy;41;0
télémaque;41;0
absalon;40;0
adelgonde;0;40
adelise;0;40
anténor;40;0
auxibi;38;2
consoline;0;40
domithilde;0;40
elies;40;0
emmélie;1;39
ernier;39;1
esaie;37;3
fiacrine;3;37
fillette;0;40
folquin;40;0
gauzelin;40;0
germinal;36;4
giorgio;40;0
glaude;36;4
goton;3;37
gratiane;0;40
gudule;0;40
gustavine;1;39
hieronymus;40;0
hugo;40;0
judithe;0;40
liberté;21;19
mathaus;39;1
maureil;40;0
mederic;36;4
orpha;0;40
pascalie;1;39
pétronelle;0;40
philippette;0;40
raoult;39;1
réole;35;5
rhodène;0;40
vogel;0;40
zéphyrine;1;39
adelaîde;0;39
algis;39;0
almir;39;0
alpin;39;0
anet;37;2
anthyme;39;0
aramis;37;2
christianus;38;1
chrysole;34;5
duminie;1;38
estella;0;39
estève;26;13
gerome;39;0
giabica;2;37
godchaux;39;0
guilhen;39;0
héli;38;1
hermina;0;39
idulphe;38;1
isaias;39;0
lèonard;39;0
lezin;39;0
liliane;0;39
linus;39;0
magdelenne;0;39
mérantine;0;39
montain;39;0
nicéphore;38;1
paméla;0;39
pey;39;0
philipinne;0;39
psalmet;39;0
rudolf;39;0
thuriaf;37;2
ubald;39;0
ulisse;34;5
vicente;30;9
viktor;39;0
xaver;39;0
zélida;0;39
zénais;5;34
adelheid;1;37
adriane;0;38
aldonce;34;4
amedée;38;0
andrés;38;0
aubain;38;0
aymeric;38;0
cesare;37;1
clautilde;0;38
edma;0;38
eléonord;22;16
eline;0;38
elisee;36;2
émérance;0;38
emerencienne;1;37
euchariste;34;4
fanélie;0;38
florimonne;0;38
fogel;3;35
frasie;0;38
frézal;37;1
fructus;38;0
gratieuse;1;37
héribert;37;1
hermante;0;38
ildut;38;0
joanni;36;2
joséphin;38;0
josue;38;0
judicaël;37;1
liénard;38;0
madelène;0;38
mindlé;0;38
mondane;0;38
nonciade;1;37
osée;33;5
paschale;5;33
pépin;38;0
peronnelle;0;38
phrasie;0;38
sélima;0;38
sigmund;38;0
toine;38;0
vierge;0;38
andrésine;0;37
anstett;37;0
ariette;1;36
arthurine;0;37
aymon;37;0
begnine;7;30
béloni;36;1
berthille;0;37
cantienne;0;37
cathelin;37;0
céléstine;0;37
crescent;37;0
debora;0;37
dosithé;36;1
douce;8;29
eléonard;37;0
emerancienne;0;37
érasme;37;0
esmée;0;37
évrard;37;0
fare;2;35
fleurye;1;36
gallus;36;1
geneix;37;0
giacinta;0;37
gibrien;37;0
gillion;37;0
helis;1;36
hervée;0;37
laetizia;0;37
leyen;2;35
manassé;37;0
miquel;37;0
napoléone;14;23
noe;36;1
odyle;0;37
pasquino;37;0
perrone;0;37
philigone;32;5
sampiero;37;0
saül;37;0
théophine;4;33
viviane;0;37
wilhem;35;2
ana;3;33
anatoille;15;21
andrette;0;36
andrienne;0;36
annon;34;2
ansbert;36;0
anthonin;36;0
apauline;0;36
arzélie;0;36
auxence;36;0
barach;36;0
calixtine;0;36
clémens;36;0
elisabelle;0;36
elma;0;36
emélia;0;36
euzèbe;34;2
fani;0;36
flaminia;0;36
fleuribonne;1;35
floriane;0;36
fromet;1;35
gengoulf;36;0
germine;0;36
géronime;0;36
hyppolitte;35;1
ildevert;35;1
innocence;0;36
ives;35;1
jacquemette;0;36
josépha;1;35
lã©onard;36;0
mammert;36;0
marat;36;0
margherite;0;36
mellon;36;0
nymphe;1;35
obline;2;34
odilie;0;36
perroline;0;36
petronella;0;36
petronelle;0;36
sélina;0;36
theodorine;0;36
vinebault;36;0
wolff;36;0
adjutor;35;0
alexy;33;2
ambrosine;0;35
arthème;35;0
athanais;4;31
binjamin;35;0
camélia;0;35
cléopha;7;28
cristofaro;35;0
damianne;0;35
domitine;0;35
elien;32;3
elizabette;0;35
elvira;0;35
ely;35;0
emélina;0;35
emérantienne;0;35
erme;34;1
eugin;34;1
euphénie;0;35
euphrosie;1;34
euverte;33;2
florianne;0;35
gothard;35;0
grimonie;2;33
guiguitte;0;35
guillelmette;0;35
gurval;30;5
helie;33;2
iréne;2;33
irenee;21;14
issac;35;0
jeanty;35;0
jénie;0;35
jérosme;35;0
joanès;35;0
joas;34;1
jourdain;35;0
julina;0;35
jumelle;0;35
laurance;0;35
leodegarius;35;0
lisbeth;0;35
lorence;0;35
nennecy;1;34
nicolasse;0;35
octavia;0;35
paquin;35;0
prothais;34;1
savinienne;0;35
scheinel;4;31
scipione;35;0
siffroy;35;0
tanche;0;35
thécla;0;35
theodora;0;35
thiébaude;0;35
trinité;12;23
ursmarine;0;35
valerien;35;0
vallery;33;2
vendicien;35;0
wulphy;35;0
xavérine;0;35
adelphin;34;0
adhélard;34;0
aglore;3;31
aldric;34;0
alphonce;34;0
amynthe;15;19
astorg;34;0
basil;34;0
c;15;19
christophine;0;34
colin;34;0
colombain;34;0
cornelius;34;0
démet;34;0
diebolt;34;0
donade;0;34
eleuthere;31;3
elida;2;32
filius;33;1
fleurence;0;34
florens;34;0
florinne;0;34
gengon;33;1
godeline;0;34
goual;34;0
guillen;32;2
henrie;17;17
hidulphe;34;0
honeste;31;3
isménie;0;34
jose;34;0
ludwine;0;34
mariana;0;34
maxent;34;0
medulphe;33;1
milliau;34;0
mitre;33;1
nanon;1;33
noëmie;0;34
orphina;0;34
ours;33;1
peronelle;0;34
polidor;33;1
pomponne;29;5
protésie;0;34
raphaëlle;0;34
tenenan;34;0
valerine;0;34
adna;0;33
alcibiade;31;2
aloysia;6;27
alyre;24;9
angély;32;1
annais;0;33
aristine;0;33
athenais;1;32
bartholome;33;0
camillo;33;0
catterina;0;33
céran;32;1
chrysogone;30;3
chrysostôme;32;1
coraly;0;33
crispine;0;33
dolorès;0;33
doria;0;33
drausin;33;0
edel;2;31
emerite;7;26
eugêne;32;1
fradel;0;33
franðcois;32;1
gaudéric;33;0
gerald;33;0
gérémie;22;11
gorgonie;1;32
humbertine;0;33
jeremias;32;1
jouanna;0;33
leonhard;33;0
liebert;33;0
lucrezia;0;33
madleine;0;33
magnance;0;33
mamet;33;0
mansuet;33;0
meleine;33;0
mélia;0;33
mélite;0;33
méric;30;3
meriem;0;33
milie;0;33
militine;0;33
mimie;0;33
mondine;0;33
pallade;33;0
paulexine;0;33
riagat;33;0
rosia;1;32
sulamite;0;33
thélo;33;0
thermidor;31;2
thiebold;33;0
vanne;32;1
wallerand;33;0
xenfant;33;0
adonise;2;30
agostina;0;32
allyre;21;11
aloisius;32;0
amédine;0;32
anatoline;0;32
andreaz;0;32
andriette;0;32
angelon;32;0
anglebert;32;0
anthèlmette;0;32
arlette;0;32
audille;3;29
bébé;22;10
belloni;30;2
bellonie;6;26
cecilien;32;0
chérubin;32;0
cléonisse;0;32
clorie;0;32
cordula;0;32
corine;1;31
cybard;32;0
devote;0;32
emilion;32;0
enselme;31;1
exavier;32;0
fanchon;0;32
fauste;3;29
felicia;0;32
fraimbault;31;1
geofroid;32;0
godfroy;32;0
honora;4;28
hubertus;32;0
hyacynthe;12;20
jéran;32;0
junior;31;1
lacroix;29;3
laurand;30;2
léonice;2;30
léontin;32;0
lodie;0;32
longin;32;0
lucain;32;0
marquette;0;32
marquise;0;32
maximine;2;30
mercedes;0;32
myrthil;32;0
nicolo;32;0
olifie;0;32
orosie;0;32
palamède;32;0
phillibert;32;0
probace;31;1
prothin;31;1
rock;32;0
rosella;0;32
sibylle;0;32
silvinne;0;32
souverain;32;0
tangui;32;0
théodosine;0;32
théodullaz;0;32
théraise;0;32
adulphe;31;0
afra;0;31
agapithe;29;2
alcindor;31;0
alexite;1;30
anasthasia;0;31
angelika;1;30
anthelma;0;31
arlestine;0;31
audoin;31;0
aurèle;29;2
balzamie;1;30
cazarie;0;31
cezarine;0;31
clermonde;0;31
clermone;0;31
clodomire;4;27
cora;0;31
didace;29;2
édmée;0;31
emelia;0;31
emerante;0;31
émerence;0;31
emir;31;0
emn;20;11
espérie;0;31
estel;10;21
fançois;31;0
fernando;31;0
flamine;0;31
floriant;31;0
fortuna;18;13
friederika;1;30
genevievre;1;30
géraldine;0;31
haim;31;0
helix;0;31
hoche;31;0
ingénu;29;2
joacine;3;28
lavinie;0;31
léonine;0;31
lucide;11;20
marguerit;14;17
marit;27;4
marquerite;0;31
melchiotte;0;31
méleine;30;1
noële;1;30
nouel;30;1
onésipe;30;1
pancrazio;31;0
peironne;0;31
philippaz;0;31
piat;31;0
slanie;0;31
ventura;31;0
xaverius;31;0
ysidore;31;0
adélice;0;30
adolfo;30;0
agenor;25;5
almyre;25;5
andrine;1;29
attala;1;29
avenant;30;0
azarie;16;14
bartélémy;30;0
bénite;0;30
benonie;20;10
bérangère;0;30
bienvenue;24;6
blanquette;0;30
blümel;2;28
caherine;0;30
camile;24;6
clorine;0;30
clotide;0;30
crescentia;0;30
crespine;0;30
danielle;0;30
dominicaz;4;26
élysée;29;1
fabius;29;1
félécité;0;30
félicissime;20;10
fiacrée;0;30
fleurimond;30;0
francia;2;28
frédèric;29;1
genny;0;30
géorgine;0;30
gestin;30;0
hildebert;29;1
irenée;25;5
jachet;2;28
jaquine;0;30
jeaneton;0;30
joel;30;0
katarina;0;30
konrad;29;1
lauren;29;1
laurentin;30;0
leonardus;30;0
magdelon;19;11
manuelle;1;29
marcienne;0;30
margherita;0;30
mariam;0;30
melie;0;30
nicola;27;3
odde;1;29
onézine;21;9
pelage;29;1
persévérance;0;30
pharaon;30;0
plaisance;0;30
polydor;30;0
polyxène;2;28
quilico;30;0
riquier;30;0
sané;30;0
scolatique;0;30
servaise;0;30
théogène;30;0
theresine;0;30
valere;28;2
victorienne;0;30
vidiane;0;30
vinceslas;29;1
yvonette;0;30
zéma;1;29
albina;0;29
amador;29;0
anatholie;1;28
artemise;2;27
astérie;0;29
augusto;29;0
barthélémye;1;28
bonami;29;0
callixte;29;0
casiodore;29;0
célima;0;29
cibard;29;0
conradus;29;0
contessa;0;29
corantin;29;0
corisande;1;28
dié;29;0
dionis;29;0
edeltrude;2;27
eli;28;1
élina;0;29
emiliana;0;29
erlande;27;2
esclarmonde;0;29
flavia;3;26
florin;28;1
frank;29;0
geoffray;29;0
guiral;29;0
guyone;1;28
henria;0;29
henric;29;0
janny;1;28
jeromine;0;29
josphine;0;29
juda;29;0
juillette;0;29
liotte;0;29
marcial;29;0
matheus;29;0
maudet;26;3
meliau;27;2
méréal;29;0
olympia;0;29
osias;29;0
philippina;0;29
philomèle;0;29
rénier;29;0
romarie;19;10
salaberge;1;28
sbastien;29;0
socrate;29;0
tertulien;28;1
théoduline;0;29
thurian;29;0
vincette;0;29
wolf;29;0
xaverine;0;29
yriex;29;0
yzabelle;1;28
adhéaume;28;0
agatte;0;28
almédorine;0;28
ambroix;28;0
anathole;27;1
ancel;28;0
aventine;0;28
cleophas;24;4
cosima;0;28
cyrette;0;28
delfine;0;28
deline;0;28
dolomie;0;28
dolores;0;28
dominic;28;0
donnat;27;1
édmond;28;0
eléonise;0;28
elizé;27;1
elmyre;1;27
emeri;28;0
emérite;3;25
emilius;28;0
eustoquie;0;28
falette;0;28
fançoise;0;28
flori;28;0
fortunade;0;28
frédérine;0;28
gaëtane;0;28
giuseppina;0;28
godefroid;28;0
gongat;28;0
gualbert;28;0
guilleaume;27;1
hiacynthe;19;9
hirtzel;25;3
ignacio;28;0
jacquelin;26;2
jaime;28;0
janine;0;28
jaqueline;0;28
jérasime;27;1
joannés;28;0
jorge;24;4
joseh;28;0
jourdan;27;1
juvin;28;0
leonidas;28;0
loise;1;27
lucinde;0;28
ludine;0;28
marthial;28;0
maurizaz;0;28
médardine;0;28
méloé;0;28
mickael;27;1
mira;0;28
nadal;27;1
naillas;27;1
nérée;21;7
nicomède;26;2
ninette;0;28
nuno;28;0
odonie;0;28
olivette;0;28
onorato;28;0
onulphe;27;1
oportune;3;25
philistin;28;0
pieter;28;0
polexine;0;28
tècle;3;25
toinete;0;28
toinon;3;25
tonin;28;0
vasthie;0;28
venceslas;28;0
vraine;0;28
wandrille;27;1
adélard;27;0
adelia;0;27
alliette;1;26
amantine;0;27
amy;13;14
anthelmine;0;27
barthèlemy;27;0
basille;21;6
bellanie;0;27
benois;27;0
bérengère;0;27
bernat;27;0
blasie;0;27
blazie;0;27
catrine;1;26
célia;0;27
cléophe;3;24
clorinda;0;27
dionise;2;25
dorothy;0;27
élisé;21;6
emillande;1;26
emille;26;1
enfantmortné;16;11
estère;0;27
eusébe;27;0
eustasie;1;26
ezechiel;27;0
feliciano;27;0
fernanda;0;27
florant;27;0
gaudense;0;27
geran;27;0
goueznou;27;0
helen;15;12
idelphonse;26;1
ildefonce;26;1
illuminée;0;27
jannie;0;27
joséphina;1;26
junius;27;0
kaspar;27;0
kendel;3;24
laeticia;0;27
legere;0;27
leib;27;0
leonor;13;14
liévain;27;0
lupicin;27;0
margarite;0;27
marguerte;0;27
médéa;0;27
melitine;1;26
paolina;0;27
pélage;26;1
philémond;27;0
renauld;27;0
sabat;25;2
santia;0;27
serafino;27;0
serette;0;27
serin;27;0
siffren;27;0
sostène;26;1
téophile;26;1
thamec;25;2
théophanie;0;27
tropez;27;0
urseline;0;27
vicenta;1;26
winocq;27;0
zephirine;1;26
abeilard;26;0
alia;0;26
allard;26;0
angeluccia;0;26
anomyme;17;9
antoina;0;26
appauline;0;26
arnaudin;25;1
arnaut;26;0
ary;26;0
auscher;26;0
auspice;26;0
bazil;26;0
bernabé;26;0
berthon;18;8
bertilde;0;26
birgitte;0;26
bonette;0;26
christiana;1;25
cipriano;26;0
ciril;26;0
clodine;0;26
cloud;26;0
colas;24;2
constante;0;26
delle;22;4
desanges;2;24
donatille;0;26
e;21;5
egyde;23;3
eleonie;0;26
eliacim;25;1
eliodore;23;3
emilan;26;0
erard;22;4
eudes;25;1
eudoxe;22;4
eufrosine;0;26
evrine;0;26
gaubert;26;0
genie;3;23
geoffrey;26;0
giuseppa;0;26
graciette;0;26
guénaël;26;0
guilhaumes;26;0
gurvalle;0;26
hanry;26;0
harry;26;0
hierome;25;1
hilarine;0;26
japhet;25;1
jeanna;0;26
jeanpierre;26;0
josefina;0;26
judel;12;14
judie;1;25
lamoral;26;0
maire;3;23
majol;26;0
male;24;2
manuela;0;26
marain;26;0
marcangelo;25;1
marguertie;1;25
mathide;0;26
matie;0;26
maurizio;26;0
maxellande;0;26
mechtilde;0;26
meinradus;26;0
natalina;0;26
nathé;26;0
nativité;0;26
niklaus;26;0
ondoye;18;8
ozanne;0;26
ozélie;0;26
pamela;0;26
petrea;0;26
polline;0;26
queric;26;0
reinhart;26;0
reisel;1;25
rigal;26;0
rollin;26;0
romanus;26;0
sennen;26;0
son;25;1
théodoric;25;1
théolinde;1;25
théonille;0;26
vilfrid;25;1
vitus;26;0
volusien;26;0
zacharias;26;0
zibora;0;26
zipper;4;22
adla;0;25
agarithe;0;25
albérie;4;21
aléxandre;25;0
anaîs;0;25
anchel;25;0
andrianne;0;25
annastasia;0;25
arille;24;1
artémon;25;0
athenaise;0;25
augustus;24;1
basilio;25;0
blaisette;0;25
cäcilia;0;25
carmelle;0;25
cérice;25;0
cézard;23;2
cloris;1;24
coline;0;25
colmann;25;0
cornelia;0;25
diez;25;0
dominge;1;24
dominiqua;2;23
doucet;25;0
elène;0;25
elizabethe;2;23
emérencienne;0;25
esperansa;0;25
evremond;25;0
felicienne;0;25
fidélis;25;0
fleurus;25;0
friederike;0;25
geoges;25;0
geörg;25;0
gérault;25;0
giustina;0;25
goulvin;25;0
guion;25;0
harold;25;0
isaye;21;4
isbergues;0;25
jeanneviève;0;25
lois;15;10
lorance;0;25
madel;6;19
marcelinne;4;21
mathiasse;1;24
meinard;25;0
mercédès;0;25
modez;25;0
morille;23;2
mr;25;0
noellaz;0;25
olinde;15;10
padoue;11;14
paulet;23;2
prudencienne;0;25
regnard;25;0
reichel;0;25
réné;25;0
rictrude;0;25
rival;25;0
sephora;0;25
stamata;0;25
theotiste;0;25
thèrése;3;22
theudère;22;3
thyrse;25;0
tiennette;0;25
vendolin;25;0
xaviere;0;25
zémire;2;23
ade;0;24
alof;24;0
amécie;0;24
andrè;24;0
anthide;23;1
arcole;24;0
audine;0;24
aymond;24;0
barnabas;24;0
bartholomaeus;24;0
bernardina;0;24
biaggio;24;0
calix;22;2
clarine;0;24
clemente;21;3
crucien;24;0
desiderius;24;0
edwin;24;0
éléonie;0;24
elisabeht;0;24
elix;0;24
ellie;17;7
emérante;0;24
erminia;0;24
fabiano;22;2
féréole;12;12
fiordalice;0;24
fleure;0;24
florantine;2;22
florus;24;0
frances;2;22
fréjus;24;0
frigdian;24;0
fructidor;23;1
généviève;1;23
gerand;24;0
germance;0;24
girolamo;24;0
gitlé;0;24
gontrand;24;0
guilhomme;21;3
hildephonse;23;1
humberte;1;23
jérémi;24;0
jérômine;0;24
joanes;20;4
july;4;20
lagier;24;0
lipmann;24;0
margarete;0;24
marguaretha;0;24
maternus;24;0
mélodie;0;24
miladie;0;24
milady;0;24
mirtil;23;1
myrza;2;22
nadale;0;24
nathalis;23;1
nestorine;0;24
ozias;24;0
pancrase;23;1
paxent;24;0
perronne;0;24
philis;7;17
providence;6;18
raynald;24;0
rebecque;0;24
reneld;15;9
rica;0;24
richardine;0;24
robespierre;24;0
romphaire;24;0
sabina;0;24
sarra;0;24
silvia;0;24
sofie;0;24
sybilla;0;24
thugal;23;1
tomas;24;0
trudon;24;0
tudual;24;0
turiaf;24;0
valerio;24;0
venerande;0;24
véronica;1;23
victore;17;7
wilfried;24;0
agnant;23;0
aignant;21;2
albrecht;23;0
alna;0;23
angadrème;0;23
annemarie;0;23
appolina;5;18
appolon;23;0
artur;23;0
athanaze;20;3
auban;23;0
audile;2;21
beatriz;0;23
bélissante;0;23
berthulphe;23;0
bertrane;0;23
bertulphe;21;2
charlote;0;23
christopher;23;0
clairemonde;0;23
coleta;0;23
consorce;0;23
constantinus;23;0
cornelis;22;1
crispin;23;0
damiano;22;1
démosthène;23;0
elphege;19;4
émérentienne;0;23
epsv;13;10
evode;22;1
féline;1;22
fergeux;23;0
fidelis;23;0
fidès;1;22
firminie;0;23
fleurimone;0;23
florimon;23;0
françois;23;0
fridoline;1;22
gangwolf;23;0
gaud;22;1
géneviève;0;23
géromine;1;22
giambattista;23;0
gilberthe;0;23
guichard;23;0
guilaine;0;23
guiraude;0;23
hermande;1;22
hilda;0;23
hipolitte;21;2
honnorade;0;23
ivo;23;0
jacominette;0;23
jannette;0;23
jeanti;22;1
joannin;22;1
johanes;23;0
josep;23;0
julle;20;3
klébert;23;0
laurentia;0;23
lidoire;23;0
lorant;22;1
luigia;0;23
lyphard;23;0
mames;23;0
marfisa;0;23
maris;11;12
mathia;5;18
mathieuse;0;23
mauris;22;1
maximilian;23;0
oculi;20;3
orens;22;1
pasqual;23;0
pavin;23;0
perpète;23;0
pius;21;2
polinaire;23;0
quenan;23;0
raynaud;23;0
reinette;0;23
ren;23;0
salvade;2;21
scévole;23;0
sezni;23;0
sigismonde;0;23
spiridion;23;0
stanilas;23;0
théo;23;0
thomine;0;23
usmer;22;1
vendel;23;0
victorique;22;1
walbourga;0;23
zénaise;0;23
accurse;22;0
achilles;22;0
albertus;22;0
alexide;1;21
almaide;0;22
alphrède;22;0
amenaide;0;22
andrès;22;0
angélia;0;22
anthème;22;0
armanda;0;22
assunta;0;22
aubeline;0;22
avelina;0;22
azélia;0;22
belzamine;0;22
betsy;0;22
blimle;0;22
bonabes;22;0
bonnefoi;21;1
boris;21;1
breinle;0;22
brevalaire;21;1
carline;0;22
célinat;0;22
chantale;0;22
claudina;0;22
claus;22;0
clothaire;21;1
colomba;0;22
colombine;0;22
cyprine;1;21
dèle;20;2
don;22;0
donatine;1;21
ema;1;21
emerentianne;0;22
éric;22;0
esaü;22;0
esthère;0;22
euphosine;0;22
eusoye;0;22
eustachie;0;22
fédora;3;19
félicine;0;22
felise;0;22
ferdinandus;22;0
fereol;21;1
fleuride;1;21
fleurina;0;22
flix;22;0
florebert;21;1
fridolinus;22;0
gabriella;0;22
gengould;22;0
geofroy;22;0
géréon;20;2
gerolamo;22;0
giuliano;22;0
glaudine;0;22
godard;21;1
gompertz;22;0
guillomette;0;22
héléonore;0;22
hermanie;0;22
homobon;22;0
illuminé;22;0
iris;5;17
izaline;0;22
jacqueminette;1;21
janie;0;22
joanin;22;0
julio;22;0
julles;22;0
katherina;0;22
lena;0;22
léobonne;0;22
lèon;22;0
letitia;0;22
locadie;1;21
lumier;22;0
madlaine;0;22
mélida;0;22
mossé;22;0
naamas;20;2
nadia;0;22
onuphre;20;2
panthaléon;22;0
philippée;0;22
pontian;22;0
précile;1;21
quitaire;0;22
ranulphe;22;0
rita;0;22
rosoline;0;22
scholatique;1;21
sully;22;0
tecle;5;17
térèse;0;22
thaise;0;22
thére;10;12
thèrese;0;22
thre;0;22
urs;21;1
vernier;22;0
vulphy;22;0
yzabeau;0;22
adéma;0;21
adolphina;0;21
adophe;21;0
alard;21;0
alesio;21;0
alvine;0;21
amet;21;0
analie;0;21
anceline;0;21
antoinete;0;21
arcadius;21;0
arsine;1;20
aurelia;0;21
barberine;0;21
bégnine;4;17
bélisante;0;21
benony;19;2
bergitte;0;21
bonaparte;16;5
bravie;5;16
casparus;21;0
cathrinne;1;20
catin;0;21
cirette;0;21
clèmence;0;21
cosman;21;0
cot;21;0
damiens;21;0
devota;0;21
docité;19;2
dorcas;1;20
ehrhard;21;0
éliana;0;21
élias;20;1
eliezer;21;0
elisaberlh;0;21
émée;0;21
emerantianne;0;21
émerentienne;0;21
emily;0;21
emphroisine;0;21
eugenio;21;0
euloge;21;0
evroult;21;0
felicita;0;21
ferdinando;21;0
ferry;21;0
floreal;15;6
florenz;21;0
gaetano;21;0
gedeon;21;0
genovefa;0;21
gil;20;1
gittel;0;21
godelieve;0;21
goussaud;21;0
graciane;0;21
gregor;21;0
grégorine;0;21
guenin;21;0
guillaine;0;21
harmance;0;21
henrica;0;21
herblain;21;0
himery;21;0
homerine;0;21
ide;0;21
jacobéa;0;21
jessé;21;0
joshine;0;21
josiane;1;20
jovite;18;3
jubin;21;0
julma;4;17
keillé;0;21
lehman;21;0
lodois;21;0
lorenza;0;21
ludovico;21;0
maclou;20;1
malvine;0;21
margaretta;0;21
margurite;0;21
mariannette;0;21
mariethérèse;0;21
memie;17;4
mérence;1;20
néhémie;21;0
nerté;0;21
nézida;0;21
nouelle;0;21
orancie;0;21
orient;21;0
orphée;14;7
palais;21;0
perronnelle;0;21
phal;21;0
piant;21;0
pierronne;0;21
précille;0;21
prieste;0;21
renestine;0;21
ricarde;0;21
rosaire;6;15
roulette;0;21
rudolph;21;0
salmon;21;0
salvator;20;1
saturline;1;20
senoch;21;0
soline;0;21
sosthene;21;0
sp;16;5
sylvester;21;0
sylvina;0;21
théonie;0;21
tual;21;0
urse;21;0
urzin;21;0
victorina;0;21
vilfride;18;3
vite;21;0
vrine;0;21
ysidor;21;0
zulima;0;21
adolfe;20;0
alexius;20;0
ali;20;0
alyette;0;20
amblard;20;0
angelbert;20;0
ann;0;20
aquilas;20;0
arriette;0;20
azémie;0;20
beile;0;20
belonie;14;6
benestruc;20;0
bénony;18;2
bérard;20;0
bibi;0;20
blaisia;0;20
bonet;20;0
calliste;13;7
carloman;20;0
celerine;0;20
chretienne;1;19
cléophé;1;19
clerc;16;4
clodion;20;0
conception;0;20
deborah;0;20
désire;18;2
domnin;20;0
durant;20;0
edmund;20;0
eme;18;2
emee;0;20
estasie;0;20
evence;17;3
fleurimont;20;0
florans;20;0
florantin;19;1
francise;4;16
franois;20;0
frederika;0;20
friderich;20;0
gaspare;10;10
géoffroi;20;0
geral;20;0
gersende;0;20
gilis;20;0
gonnery;20;0
gracia;2;18
hérard;20;0
hermense;0;20
hernestine;1;19
hiérosme;20;0
hilarian;20;0
isorine;0;20
jacobelle;1;19
jaouan;20;0
jassé;20;0
jerosme;20;0
josseline;0;20
julliette;0;20
léna;0;20
léonnie;0;20
leonore;2;18
lévy;19;1
linda;0;20
lisabeth;0;20
loüis;20;0
lucian;20;0
lugarde;0;20
lunetta;0;20
macé;19;1
madelene;0;20
margarithe;0;20
margueite;0;20
mariefrançoise;0;20
marix;20;0
mathern;20;0
maxima;1;19
merle;0;20
mimi;0;20
morillon;20;0
nathanaël;20;0
nella;0;20
nicette;0;20
np;15;5
oréline;0;20
orésine;0;20
ottilie;0;20
pasquina;0;20
pavine;0;20
philogene;17;3
philomen;20;0
pia;0;20
praxede;3;17
reiné;14;6
renotte;0;20
reparata;0;20
rochus;20;0
salve;5;15
sindulphe;20;0
sixt;20;0
suplice;16;4
thelcide;0;20
thélesphore;20;0
thépaut;20;0
theudosie;2;18
trophin;20;0
trophine;9;11
victurnienne;0;20
zelma;0;20
zephyr;20;0
<living>;11;8
abondance;7;12
adelma;0;19
adelmar;19;0
admire;12;7
adonie;2;17
alberta;0;19
alesandro;19;0
almodie;0;19
angelus;19;0
arsinthe;0;19
astolphe;19;0
auréline;0;19
aymardine;0;19
baseline;0;19
basilise;2;17
benedikt;19;0
berton;8;11
bertran;19;0
bienheuré;19;0
blimlé;0;19
camillus;19;0
cédonie;0;19
céphise;0;19
childéric;19;0
chrischona;0;19
clairie;0;19
clementina;0;19
conogan;19;0
cornélia;0;19
coschel;18;1
déborah;0;19
edouardine;0;19
eleonora;0;19
emiel;19;0
end;13;6
eponine;0;19
eulodie;0;19
eusebie;0;19
flavienne;0;19
florentina;1;18
francette;0;19
franklin;19;0
gibert;19;0
gildard;18;1
giordano;19;0
gloriante;0;19
gordien;19;0
hardouin;19;0
helise;0;19
hermentine;1;18
honnorine;0;19
horélie;0;19
ignazia;0;19
inommée;1;18
iphise;0;19
jacqueme;0;19
jaume;19;0
jb;19;0
joassine;0;19
légé;18;1
léopol;19;0
lévi;18;1
lilia;0;19
linard;19;0
lizette;0;19
loetitia;0;19
lyda;0;19
magdelainne;0;19
magdelet;19;0
marcoux;19;0
margretha;0;19
marienne;7;12
marzolff;19;0
mattieu;19;0
mendel;13;6
michelangelo;19;0
modere;19;0
myrtile;16;3
noëllie;0;19
numance;15;4
oger;19;0
origine;0;19
osvald;19;0
otilia;0;19
ozide;2;17
pacôme;18;1
paquet;19;0
pasques;19;0
pécine;0;19
pelletier;19;0
périclès;19;0
philimont;19;0
phylomène;0;19
polite;10;9
prothade;19;0
remfroye;1;18
remigius;19;0
renet;19;0
renette;1;18
ruth;1;18
sacra;0;19
scholastica;0;19
senateur;18;1
serine;0;19
siffroi;19;0
simphorose;1;18
soeurette;0;19
susane;0;19
thécle;0;19
therence;0;19
ugène;19;0
ulphe;0;19
valantin;19;0
valent;18;1
valentino;19;0
venture;19;0
vincentine;0;19
yvonnick;19;0
zelpha;1;18
zéphyre;16;3
alberto;18;0
alfonsine;0;18
amatre;18;0
amice;2;16
anasthaise;0;18
angadresme;0;18
anthoni;18;0
appolanie;0;18
arthémie;2;16
aubéline;0;18
aude;0;18
bartholomäus;18;0
bartolo;18;0
baudel;18;0
belzamie;0;18
bénézet;18;0
bernhardt;18;0
bibiana;1;17
blimond;18;0
bonnefille;0;18
breven;18;0
calais;18;0
camillia;0;18
casimire;8;10
castor;18;0
chéry;18;0
christophorus;18;0
cirguette;0;18
cléophile;1;17
clérie;1;17
cognogan;18;0
contant;18;0
crépine;0;18
crusoline;0;18
dalmas;18;0
damarie;1;17
dario;18;0
délina;0;18
dinah;0;18
dominque;17;1
dorina;0;18
dosité;14;4
egalité;9;9
eliette;0;18
enemond;18;0
erwin;18;0
etiènne;18;0
eufrasie;0;18
evangéliste;17;1
evremont;18;0
filomène;1;17
fleurentin;18;0
frans;18;0
froment;18;0
gauderic;18;0
gentienne;0;18
geoffroid;18;0
godefride;9;9
guglielmo;18;0
guinal;18;0
guiot;18;0
hannah;0;18
hermentaire;17;1
hernin;18;0
honoratus;18;0
hortanse;0;18
ildelphonse;18;0
isac;18;0
isidora;0;18
isidoro;18;0
jacqua;0;18
jacquet;16;2
joany;15;3
juillet;18;0
kaufmann;18;0
kendlé;0;18
leye;0;18
luther;18;0
maie;3;15
malachie;18;0
mardochee;18;0
margritte;0;18
markus;18;0
martianne;0;18
maurin;18;0
mauritius;18;0
maximile;1;17
meven;18;0
michèlle;0;18
miland;18;0
miliau;18;0
mindle;0;18
misaël;15;3
monika;0;18
myrtille;9;9
naphtali;18;0
nelson;18;0
nicolase;0;18
odoxie;0;18
orasie;0;18
oronce;17;1
paris;18;0
pere;18;0
petra;1;17
phrosine;0;18
placido;18;0
privatine;0;18
publicie;0;18
régnard;18;0
roche;17;1
roza;0;18
rubens;18;0
rufina;0;18
sigebert;18;0
sofia;0;18
sollange;0;18
stelle;0;18
stéphen;18;0
théobaldine;0;18
thomaze;0;18
thrse;0;18
ulphie;2;16
union;18;0
vastie;0;18
venantine;0;18
veronika;1;17
virgil;14;4
zélanie;0;18
zulime;1;17
adulphine;0;17
albans;17;0
alberique;9;8
alcidia;0;17
alda;0;17
alexendre;17;0
alis;4;13
amance;2;15
amica;0;17
angélica;0;17
anné;13;4
annonyme;14;3
appolinia;0;17
arbogastus;17;0
augé;17;0
aurelien;17;0
b;13;4
balbina;0;17
baptista;3;14
bathelemy;17;0
bazilice;0;17
benedic;17;0
bénédic;14;3
benjamen;17;0
bérenger;17;0
beylen;0;17
blumel;0;17
carherine;0;17
carles;15;2
cédulie;0;17
cérine;0;17
cheri;16;1
christianne;4;13
claudin;16;1
claudio;17;0
cléopatre;0;17
clestin;17;0
colastique;0;17
consuelo;0;17
contance;0;17
cunigonde;0;17
cydonie;0;17
damian;17;0
danton;17;0
dauphiné;13;4
déline;0;17
délivrance;0;17
delmance;0;17
delzina;0;17
dionisio;17;0
docile;6;11
donato;17;0
dyonise;3;14
eleine;0;17
eléna;1;16
elisabeau;0;17
emérancienne;0;17
emérantianne;0;17
émérence;0;17
émiliane;0;17
esmérie;0;17
eunice;0;17
félicule;0;17
filias;13;4
florise;0;17
fortunato;17;0
germin;17;0
giliberte;2;15
gitle;0;17
gobain;17;0
gregorius;16;1
guilloune;0;17
guirons;17;0
gwénolé;17;0
harmand;16;1
hieronimus;17;0
hygin;17;0
izidor;17;0
janet;10;7
janneton;0;17
jeanie;1;16
jeunie;0;17
jobline;0;17
josephi;17;0
kate;0;17
kunigunde;0;17
lã©onarde;0;17
laétitia;0;17
lazaro;17;0
léonardus;17;0
leonia;0;17
léopaul;17;0
lievain;17;0
lipman;17;0
lize;0;17
lukas;17;0
lumina;5;12
lyé;17;0
macrine;1;16
magali;0;17
marcq;17;0
margreth;0;17
marielouise;0;17
marite;15;2
martre;0;17
meen;16;1
melania;0;17
melec;17;0
michaelis;17;0
milan;17;0
milca;0;17
mirthil;16;1
myria;0;17
nais;0;17
nazareth;6;11
nésida;0;17
nouël;17;0
odine;0;17
odo;17;0
orange;4;13
oreste;13;4
origène;15;2
ottavio;17;0
ouën;17;0
padova;0;17
peroline;0;17
perseverance;0;17
pironelle;0;17
polidore;17;0
quittaire;0;17
reinne;0;17
reitz;0;17
remeze;17;0
rénée;0;17
rogatienne;0;17
roméo;17;0
roselie;0;17
savina;0;17
sézarine;0;17
syllas;17;0
symon;17;0
tatiana;0;17
tell;17;0
teodoro;17;0
thadeus;17;0
tunvelle;1;16
uldaric;17;0
uldéric;17;0
victrice;14;3
wendling;17;0
yve;13;4
zacarie;16;1
zèlie;0;17
adelheit;3;13
adon;16;0
agatange;11;5
aglaee;0;16
almérine;0;16
amanthe;0;16
ambrogio;16;0
amos;16;0
angeletta;0;16
annastase;0;16
ano;16;0
antelmette;0;16
apolinne;0;16
aristobule;15;1
armence;0;16
arnoud;16;0
atanase;13;3
avril;15;1
balhtazar;16;0
balthazarus;16;0
barthelemine;0;16
beranger;16;0
berthelemy;16;0
berthine;0;16
bertile;1;15
buna;0;16
carantec;16;0
caude;16;0
céléstin;16;0
charly;16;0
cheinlé;1;15
chery;14;2
chloé;0;16
clarise;0;16
claudon;4;12
cristoforo;16;0
damaze;14;2
demetrius;16;0
deyle;13;3
diamantine;0;16
donatile;1;15
dumini;16;0
eliacinthe;1;15
elisabelh;0;16
elisabeta;0;16
elisie;1;15
elmina;0;16
elysa;0;16
emard;16;0
emerentie;0;16
emilio;16;0
engrâce;0;16
etiene;16;0
euphrosina;0;16
euralie;0;16
eustase;14;2
éve;0;16
évelina;0;16
felicitee;1;15
fermina;0;16
fidelie;0;16
filia;2;14
florency;16;0
franoise;0;16
fredéric;16;0
frederica;0;16
gabin;16;0
gatienne;0;16
genette;0;16
gennaro;16;0
gerbold;16;0
gilda;0;16
ginette;0;16
glady;0;16
gracienne;0;16
grazia;0;16
guilhonne;1;15
guiton;3;13
guynot;16;0
hébert;16;0
henryette;0;16
hertz;15;1
hildegarde;1;15
hugonne;0;16
hurbain;16;0
hyancinthe;14;2
idunet;16;0
izabel;0;16
jayme;16;0
jeannemarie;0;16
joana;0;16
joaquina;0;16
joesph;16;0
johannetta;0;16
joinet;16;0
jouachim;16;0
jumelles;0;16
jutle;0;16
kauffmann;16;0
l;14;2
lauriant;16;0
léonis;6;10
leonnie;0;16
léonte;1;15
leuvine;0;16
lô;14;2
lorand;16;0
lothain;16;0
loüise;0;16
lucca;16;0
luçien;16;0
lucréce;0;16
madelenne;0;16
madgeleine;1;15
margrite;0;16
marseille;11;5
maturine;0;16
mayeule;0;16
meinrath;16;0
ménanie;1;15
minerve;2;14
minna;0;16
mister;16;0
montan;16;0
montine;0;16
morisse;16;0
myette;0;16
nanci;0;16
nentie;1;15
nerthe;0;16
noëllaz;0;16
nora;0;16
norine;0;16
norma;1;15
octavine;0;16
odil;14;2
ogier;15;1
olivine;1;15
ortence;0;16
palmir;14;2
pantaléonne;0;16
pasteur;16;0
pauldine;0;16
perside;1;15
phallier;16;0
philippert;16;0
philise;0;16
philomin;16;0
philotée;1;15
prospera;0;16
protaise;15;1
raphaelle;0;16
reimond;16;0
renaut;16;0
renne;1;15
républicain;15;1
restituta;0;16
rmi;16;0
rocq;16;0
rodolphine;0;16
romana;0;16
ropars;16;0
rosseline;0;16
rozine;0;16
ségolène;0;16
séréné;15;1
servoise;0;16
sesny;16;0
sigrade;1;15
sirette;0;16
solon;16;0
sylla;7;9
sylvinne;0;16
syndulphe;16;0
tarsile;3;13
tharsille;1;15
théophil;16;0
théotine;2;14
théraize;0;16
théréze;0;16
thiéry;16;0
thorin;16;0
tiphaine;0;16
tomasina;0;16
valaire;11;5
viane;0;16
walther;16;0
zachée;13;3
zea;0;16
zéna;0;16
zénoble;14;2
zite;0;16
zoraide;0;16
zulmé;0;16
zulmee;0;16
abélina;0;15
abelle;1;14
adhemar;15;0
adrianus;15;0
adzire;3;12
agnèse;0;15
alphred;15;0
amaurie;0;15
anastazie;0;15
angélus;15;0
anian;15;0
antone;14;1
aubéry;14;1
aurelio;15;0
austreberte;0;15
axel;15;0
azaret;15;0
azelie;0;15
azelina;0;15
babeth;0;15
bartolomea;0;15
bastian;15;0
baudoin;15;0
beauzire;15;0
benine;0;15
benoîst;15;0
bénomi;15;0
bertand;15;0
briand;14;1
bruneau;15;0
bylienne;0;15
canut;15;0
carmeline;0;15
cassius;15;0
catarine;2;13
cécil;14;1
cécilie;0;15
célenie;0;15
chaffre;15;0
chéron;15;0
christofle;15;0
chrysotome;15;0
ciline;0;15
circoncis;15;0
claira;0;15
clarence;2;13
clarie;0;15
clodia;0;15
coulaud;14;1
crépinien;15;0
cristina;0;15
davide;15;0
delphis;15;0
démétrius;15;0
démophile;15;0
dionyse;6;9
dizier;15;0
domeingx;0;15
dona;14;1
dorphine;0;15
egidius;15;0
emerantiane;0;15
émerantienne;0;15
emérentiane;0;15
émery;15;0
émma;0;15
ephigénie;0;15
ephrosine;0;15
espérite;0;15
estéphanie;0;15
esthel;0;15
etiennne;15;0
eusèbie;0;15
eustalie;0;15
evette;0;15
evy;15;0
fabianne;0;15
feillé;0;15
féreol;15;0
fidélia;0;15
filliette;0;15
florentinus;15;0
floxel;15;0
folquine;0;15
fortin;15;0
fortunee;0;15
frozine;0;15
furcie;3;12
genese;0;15
genevive;0;15
gengout;15;0
géri;15;0
gillone;0;15
gironde;0;15
gloria;0;15
godfried;15;0
goetsch;15;0
guillamette;0;15
guillin;14;1
halix;0;15
haydée;0;15
hélier;15;0
hémélie;0;15
heribert;15;0
herma;0;15
hipollyte;14;1
hirschel;13;2
honnorée;0;15
innocenzio;15;0
isabé;0;15
isabeth;0;15
jamin;15;0
jammet;15;0
jbaptiste;15;0
joachinne;0;15
joconde;0;15
johanne;9;6
julithe;0;15
jutlé;0;15
knendel;0;15
knendlé;0;15
laurier;12;3
lazareth;0;15
lazarus;15;0
léonette;0;15
lèontine;0;15
libmann;15;0
libre;14;1
lida;0;15
lie;15;0
lodewijk;15;0
lodoik;15;0
loviso;15;0
ludvine;0;15
lunette;0;15
macre;0;15
magda;0;15
mameth;15;0
margot;0;15
maría;1;14
mariangélique;0;15
mariel;6;9
marinus;15;0
maryse;0;15
masculin;15;0
mélenne;15;0
melon;15;0
methilda;0;15
mondry;15;0
naida;0;15
nanine;0;15
nathalia;0;15
nathanael;15;0
nelzir;15;0
némorin;15;0
ni;12;3
nicodeme;15;0
noëla;0;15
noëlla;0;15
odélie;0;15
oiside;0;15
omis;14;1
onésine;11;4
palmyra;0;15
panoria;1;14
paques;10;5
pardon;15;0
pasqualine;0;15
pasquine;0;15
petit;14;1
phalette;0;15
pharez;15;0
phileas;15;0
pothin;14;1
quiriou;14;1
reol;15;0
rolin;15;0
rosela;0;15
salvien;15;0
sauvaire;15;0
servant;15;0
servie;0;15
siméone;0;15
sophrone;13;2
sylas;15;0
tarcisse;2;13
thadé;15;0
thalie;0;15
thenenan;15;0
théodorite;15;0
théresia;0;15
thérésius;15;0
timothee;15;0
trézain;15;0
urbano;15;0
victoirine;0;15
vidale;1;14
vincentello;15;0
vincentius;15;0
witold;15;0
ygnace;15;0
zachari;15;0
zenais;3;12
abeillard;13;1
abigaël;0;14
adélade;0;14
adelline;0;14
adelphina;0;14
adolomine;0;14
aimar;14;0
albertina;0;14
allexandre;14;0
alline;0;14
aloîse;12;2
altin;14;0
amérine;0;14
amilie;1;13
anthonie;7;7
antoyne;14;0
auxibe;14;0
azéa;0;14
barra;12;2
barthel;14;0
barthelmy;14;0
basilic;14;0
bastiana;0;14
béat;14;0
bégnigne;6;8
belisaire;13;1
benezet;14;0
benjamain;13;1
bergite;0;14
berthélémy;13;1
brévenne;0;14
brinlé;0;14
caelina;0;14
casper;14;0
celse;14;0
cénéric;14;0
christinne;1;13
ciriaci;2;12
cler;11;3
conrath;13;1
constans;14;0
corcodome;14;0
delphina;0;14
diego;14;0
donald;14;0
duminy;13;1
eduardus;14;0
edvina;0;14
eléodore;13;1
elfride;0;14
emèlie;0;14
emerine;0;14
émilian;14;0
enfants;11;3
enguerrand;14;0
ermand;14;0
ermantine;0;14
esilda;0;14
etienna;0;14
eucharis;2;12
eudore;13;1
eugènia;0;14
euridice;0;14
eutropie;0;14
eymerie;13;1
ezélie;0;14
fargeau;14;0
felixe;0;14
félize;0;14
ferdinante;0;14
fidélité;0;14
filbert;14;0
flavy;4;10
fmn;0;14
fourier;14;0
fraçois;14;0
francelin;14;0
frasine;0;14
gerschel;10;4
gile;12;2
gotthard;14;0
guenolé;14;0
guidel;0;14
guilhalmette;0;14
henericus;14;0
hierosme;14;0
hilariette;0;14
hiltrude;0;14
hippolithe;14;0
honnorat;14;0
ilario;14;0
ines;0;14
ismar;14;0
ismène;1;13
izabé;0;14
jacoba;0;14
jeanfrançois;14;0
joanis;14;0
jocelyne;0;14
julienna;0;14
juni;0;14
karel;14;0
killian;14;0
lafleur;12;2
laurencia;0;14
laurenza;0;14
laurenzio;14;0
lazarée;0;14
leone;4;10
léonilde;1;13
liber;6;8
liduvine;0;14
limin;14;0
lison;0;14
madallena;0;14
mamer;14;0
manvieu;14;0
marcéline;0;14
march;14;0
marguarite;0;14
margueriite;0;14
marguerin;14;0
marider;0;14
mariete;0;14
marsalle;0;14
meinrade;13;1
mélec;14;0
méloir;14;0
mercédes;0;14
méril;13;1
mickaël;13;1
milien;13;1
moîse;14;0
moize;14;0
natalia;0;14
nazare;14;0
nephtaly;14;0
noellie;0;14
oliviero;14;0
orthense;0;14
osite;1;13
othile;0;14
pasqualina;0;14
pellegrino;14;0
phillippine;0;14
philome;3;11
pome;1;13
quaterine;0;14
quenin;14;0
quintine;0;14
raisin;14;0
reinhardt;14;0
réjane;0;14
rène;0;14
richarda;1;13
rosamée;0;14
rosana;0;14
samarco;14;0
sandrine;0;14
santiago;14;0
saul;14;0
sélénie;0;14
sérafine;0;14
seurin;14;0
silver;14;0
sohn;14;0
sosthènes;12;2
spérat;14;0
susan;0;14
sylvestrine;0;14
taddeo;14;0
thélésie;0;14
thérse;0;14
thobie;14;0
tranquil;14;0
ubalde;14;0
valbourge;1;13
valeri;14;0
vélastine;0;14
vénérance;0;14
venerante;0;14
véturie;0;14
victoriane;0;14
virginius;14;0
virginy;0;14
vittore;14;0
walbert;14;0
waldemar;14;0
wasnon;14;0
willebaud;14;0
xainte;0;14
zachary;14;0
zelima;0;14
zephyrin;14;0
adeleine;0;13
adena;0;13
agnetis;3;10
albat;13;0
aleth;0;13
alixte;4;9
alméria;2;11
alonzo;13;0
amazélie;0;13
amestie;1;12
ami;12;1
anathase;9;4
anémone;0;13
aniol;13;0
antonetto;13;0
antonino;13;0
arcange;10;3
arceline;0;13
artidor;12;1
astélie;0;13
atilie;0;13
audrey;1;12
azénaide;0;13
bache;13;0
bald;13;0
bale;13;0
balhtazard;13;0
bartelemi;13;0
bartolommeo;13;0
bayard;13;0
beillé;0;13
bénestruc;12;1
bessele;0;13
bienaimée;2;11
bilienne;0;13
bissel;0;13
carlino;13;0
carmela;0;13
carméline;0;13
carol;12;1
carolie;0;13
catulle;13;0
césard;13;0
cesarie;0;13
charlot;13;0
cheinle;0;13
claisia;0;13
clébert;13;0
clementia;0;13
clermont;13;0
clestine;0;13
climaque;13;0
clodius;13;0
clossinde;0;13
collas;13;0
constantien;13;0
constentin;12;1
corantine;0;13
cornély;10;3
cosimo;13;0
couronnée;0;13
créscence;0;13
crétien;13;0
cristobal;13;0
cruciano;13;0
cyriacus;13;0
d;10;3
damasie;0;13
daughter;0;13
derien;13;0
domeings;1;12
edoire;13;0
eléana;2;11
elene;0;13
elenne;0;13
éli;13;0
eliacine;0;13
elois;13;0
émir;13;0
emire;8;5
engélique;0;13
enoch;13;0
eon;13;0
erhart;13;0
ernesta;0;13
eulalia;0;13
eustate;11;2
favien;13;0
feist;13;0
felicitée;0;13
fernandine;1;12
fine;0;13
firma;0;13
flavine;0;13
fleurimonde;0;13
floréale;0;13
florente;3;10
flourine;0;13
foilain;13;0
fronika;0;13
froumette;0;13
fulerand;13;0
gangolfus;13;0
genereux;13;0
genèse;0;13
genviève;0;13
glodine;0;13
glorvina;0;13
guenael;12;1
guilheme;0;13
guillame;11;2
hélain;13;0
hèlène;0;13
héracle;13;0
hermès;12;1
herzélie;0;13
hiéronime;1;12
hillarion;13;0
hippolitte;13;0
honorin;13;0
hursule;3;10
ignati;13;0
isabau;1;12
isaîe;8;5
jeanlouis;13;0
jendel;0;13
joachaim;12;1
johanny;13;0
jos;6;7
josefine;0;13
judéon;13;0
kilien;13;0
ladoiska;0;13
lamartine;9;4
lauran;13;0
laurenzia;0;13
leonardo;13;0
léontusse;13;0
liberal;13;0
lidy;0;13
liger;13;0
lodovico;13;0
loisa;0;13
luca;13;0
lucchino;13;0
lunaire;13;0
mainrad;13;0
manassès;13;0
marcouf;13;0
marguerith;0;13
marietta;0;13
marlise;0;13
maryanne;0;13
marye;2;11
marylis;0;13
marzolf;13;0
mathéa;0;13
matherne;12;1
maurisse;6;7
maxellance;1;12
maximain;13;0
mélard;13;0
mélissa;0;13
momble;13;0
mortimer;13;0
morvan;13;0
nazarette;0;13
nazette;0;13
nicoletta;0;13
noemi;0;13
olida;1;12
olimpiade;0;13
olimpie;0;13
orazio;13;0
ottavia;0;13
pagona;0;13
palémon;13;0
paquier;13;0
perrete;0;13
petroline;0;13
pétronile;0;13
peyronnelle;0;13
pharaide;0;13
philippie;0;13
philogome;13;0
phocion;13;0
phrasine;0;13
piera;0;13
polidoro;13;0
poncelet;13;0
porphire;13;0
pricille;0;13
quentien;13;0
quirine;2;11
rachele;0;13
raymon;13;0
remise;0;13
renan;13;0
révérend;13;0
richardus;13;0
rion;13;0
rite;0;13
rivoal;13;0
roberto;13;0
rollandine;0;13
romé;0;13
romeline;0;13
rosinne;0;13
rosy;0;13
salvie;0;13
sansvie;6;7
santina;0;13
santino;13;0
scheyen;12;1
silénie;0;13
siméonne;0;13
stéphanus;12;1
stylite;0;13
sylvio;13;0
theodorus;13;0
theodosine;0;13
théorine;0;13
théotile;0;13
théreze;0;13
thérézine;2;11
thiburce;13;0
thiérry;13;0
thiriette;0;13
thuribe;13;0
tienne;13;0
tranquillin;13;0
ulmar;13;0
urbanie;0;13
usmart;13;0
valèrie;1;12
vénoc;13;0
vertu;5;8
victoris;13;0
vidianne;0;13
vulmaire;13;0
waldburge;1;12
wanda;0;13
winnoc;13;0
woldemar;13;0
yorick;13;0
ypolite;12;1
zenon;13;0
zoila;0;13
abram;12;0
achiel;12;0
ada;0;12
adelain;12;0
adile;1;11
adméria;0;12
agnette;0;12
aguste;12;0
alcée;11;1
alexandraz;0;12
alize;0;12
alphone;12;0
amata;0;12
aména;0;12
amestine;0;12
anders;12;0
andréline;0;12
anschaire;10;2
antonietta;0;12
aquiline;0;12
ardouin;11;1
armanse;0;12
balthasarus;12;0
barde;0;12
bazilique;3;9
bélizaire;12;0
beloni;12;0
benoîste;0;12
bérold;12;0
beyle;0;12
blaisaz;0;12
blaizine;0;12
bréven;12;0
brevenne;1;11
brune;0;12
burgard;12;0
caecilia;0;12
camiel;12;0
candice;4;8
carolline;0;12
cartherine;0;12
cassienne;0;12
castille;6;6
catheine;0;12
cérille;10;2
césarée;1;11
chrysosthome;12;0
ciprienne;1;11
cirque;12;0
claudinne;0;12
clève;0;12
colbert;12;0
coraline;0;12
cornélius;12;0
cunis;11;1
cyrius;12;0
damascène;11;1
dele;11;1
demetre;10;2
digne;0;12
docithé;11;1
dorine;0;12
edmire;2;10
edmon;12;0
edmondine;0;12
eléazar;12;0
elice;4;8
elidie;0;12
élize;0;12
elle;0;12
emerentia;0;12
entoine;12;0
erik;12;0
ernesto;12;0
esmerie;0;12
estebenie;0;12
estiene;12;0
étienette;0;12
ettel;0;12
euphémine;0;12
eymeri;12;0
febronie;0;12
federico;12;0
felicianne;0;12
fergel;12;0
feyele;0;12
filibert;12;0
fiordispina;0;12
fran;7;5
franðcoise;0;12
fromental;10;2
fuscienne;0;12
gaillard;12;0
gangolphe;12;0
geffline;0;12
geromine;0;12
geronima;0;12
gertude;0;12
gilone;0;12
gioanni;12;0
giovacchino;12;0
giovani;12;0
girou;12;0
gracchus;12;0
grard;12;0
guenel;12;0
guennel;12;0
guilliaumette;0;12
guilmette;0;12
guionne;0;12
gustaaf;12;0
güttel;0;12
guyomard;12;0
hadelin;12;0
hannette;0;12
harriet;0;12
heimann;12;0
henoch;12;0
henriete;0;12
henrique;4;8
herménie;0;12
hormidas;12;0
ilda;0;12
innocenza;1;11
ionis;12;0
irmance;0;12
isilda;0;12
isodorine;0;12
jason;12;0
jasques;12;0
jeamme;12;0
jean+;12;0
jeannes;1;11
jeannot;12;0
jenne;0;12
jeran;12;0
jeuni;2;10
johanetta;0;12
josepf;12;0
jozef;12;0
jp;12;0
juline;2;10
justa;0;12
keile;0;12
kind;10;2
klara;0;12
léonardine;0;12
léonhard;12;0
léoni;10;2
lèonie;0;12
léonnard;12;0
leu;12;0
liberate;0;12
lima;0;12
loic;12;0
lucianne;0;12
maclovie;1;11
madeleigne;0;12
madellaine;0;12
magdaleina;0;12
magdelain;10;2
maider;0;12
marcellus;12;0
marchand;12;0
marcoul;12;0
margarette;1;11
mariet;10;2
marija;0;12
marilis;0;12
marise;0;12
marjolaine;0;12
marthes;0;12
maude;4;8
médarine;0;12
medart;11;1
médon;12;0
mèlanie;0;12
meriadec;12;0
michéle;0;12
milia;0;12
miltiade;11;1
mion;1;11
mlanie;0;12
morin;9;3
morte;0;12
nadège;0;12
nadejda;0;12
narcis;12;0
natal;12;0
nehuma;0;12
nicolaas;12;0
noëmi;2;10
nohémie;0;12
norbertus;12;0
odylle;2;10
olivie;0;12
ophélia;0;12
orelie;0;12
otilie;0;12
oulry;12;0
ovine;1;11
oxensine;0;12
pairine;0;12
pantaléone;2;10
paolino;12;0
paulite;0;12
perceval;12;0
pernelle;0;12
pessine;0;12
philemond;12;0
philicien;12;0
philimon;12;0
philippinne;0;12
philomée;0;12
phocas;12;0
pierrejoseph;12;0
polixene;1;11
pompé;12;0
pompee;3;9
pontien;12;0
prime;8;4
priscile;4;8
prisque;4;8
quitère;0;12
raffaello;12;0
rafine;0;12
reissel;0;12
renilde;0;12
rinaldo;12;0
riou;12;0
roma;0;12
romano;12;0
romari;12;0
rosier;12;0
sabas;12;0
sanvitus;12;0
sébran;12;0
selma;0;12
serain;12;0
serdot;12;0
serene;2;10
sigolène;0;12
silvere;12;0
simeone;10;2
simphorienne;0;12
siprien;12;0
sivain;12;0
sophonie;2;10
stefania;0;12
stephana;0;12
térence;5;7
terese;0;12
tertullien;12;0
thaddée;9;3
théobalt;12;0
théodile;2;10
théodulphe;12;0
théophille;11;1
théophrède;12;0
theresse;0;12
thibauld;12;0
thiébauld;12;0
thimothe;12;0
toinnette;0;12
toussains;12;0
valérienne;0;12
valmon;12;0
vendal;12;0
vendicienne;0;12
verene;0;12
vivian;12;0
volcy;4;8
wendolin;11;1
wilfred;12;0
wilfride;8;4
wilibald;12;0
yolaine;0;12
ysabel;0;12
zerlé;0;12
zina;1;11
abdou;11;0
adélaèède;0;11
adèlle;0;11
adhésire;0;11
adophine;0;11
adriana;0;11
aegidius;11;0
agar;1;10
agnian;11;0
agustin;11;0
agustine;0;11
albaine;0;11
alexendrine;0;11
aliva;0;11
allannette;0;11
aloÿs;11;0
alphoncine;0;11
amarie;0;11
ambert;11;0
amlie;0;11
amyelle;0;11
andr~;11;0
andrã©;11;0
andriane;0;11
ane;0;11
angadreme;0;11
angélie;2;9
angèline;0;11
annestase;0;11
anthoinaz;0;11
appolixine;0;11
arcenne;8;3
argentin;11;0
ariane;0;11
ariat;0;11
arseline;0;11
arthémine;0;11
arthumine;0;11
artilia;0;11
ascagne;11;0
aster;9;2
augustain;11;0
auriette;0;11
aybert;11;0
azelma;0;11
baby;3;8
barthl;10;1
basilius;11;0
battistina;0;11
beilé;0;11
belanie;0;11
bénel;11;0
bénin;11;0
bénomie;4;7
berthomier;11;0
béthaire;11;0
blumelé;0;11
brégide;0;11
burcard;11;0
cajétan;11;0
célèste;2;9
célèstine;0;11
célinia;0;11
céranie;0;11
chailly;11;0
chatrine;0;11
chérubine;0;11
christosome;11;0
cleophe;0;11
colombant;11;0
contemporain;8;3
cordélia;0;11
cosmes;11;0
cresence;1;10
cressence;0;11
crisostome;11;0
délia;0;11
deslotte;0;11
dinel;0;11
dolinda;0;11
domange;1;10
dono;11;0
dorotée;1;10
dorothe;0;11
ediltrude;0;11
edin;11;0
eduardo;11;0
edvige;0;11
egmont;11;0
ehrard;11;0
élaine;0;11
eléosippe;11;0
élia;0;11
elieser;10;1
elisaberth;0;11
elisabteh;0;11
emerande;0;11
émérentine;0;11
émilianne;0;11
emilina;0;11
emillienne;0;11
engelhardt;11;0
englebertine;0;11
ensv;8;3
ephise;7;4
épiphane;9;2
erige;11;0
ermenegilde;9;2
erosme;11;0
esmiland;11;0
estienette;0;11
euchère;6;5
eugènius;11;0
evrain;11;0
exorine;0;11
fausta;1;10
fegele;0;11
félida;0;11
fleurante;0;11
flicien;11;0
floresca;0;11
florienne;0;11
flourette;0;11
fortunatus;11;0
fraçoise;0;11
fransiska;0;11
frédéricq;11;0
frejoux;10;1
frezal;10;1
frize;0;11
fuleran;9;2
galmier;11;0
gellen;0;11
gémina;0;11
gemmes;0;11
genefort;11;0
genis;9;2
gerardine;0;11
gibertrude;0;11
gilet;11;0
gioachino;11;0
giry;11;0
godechaux;11;0
goustan;11;0
guénel;11;0
guerine;0;11
guilllaume;11;0
guitel;0;11
gullaume;11;0
héliette;0;11
hellene;0;11
hendrik;11;0
hennoch;11;0
herbot;11;0
herculin;11;0
hermeland;11;0
hermenegild;11;0
hildegonde;3;8
hintié;1;10
holf;11;0
hündel;1;10
huon;11;0
hurbin;11;0
hyerosme;11;0
hypoline;0;11
hyronimus;11;0
ignatus;11;0
innommé;11;0
iréna;0;11
isay;9;2
izabau;0;11
izilda;0;11
jacquete;0;11
jeanet;11;0
jeangeorges;11;0
jentle;0;11
jh;10;1
joani;11;0
joaquin;11;0
jolie;0;11
joly;5;6
josime;7;4
jouvin;11;0
julianus;11;0
juttel;0;11
katharine;0;11
keille;0;11
laurency;3;8
laurentie;0;11
léante;5;6
léonia;0;11
léonile;0;11
léopolde;5;6
léticia;0;11
levi;10;1
liberata;0;11
lidi;4;7
lidia;1;10
lilla;0;11
lore;0;11
lorens;8;3
ma;2;9
magnus;11;0
mamers;11;0
marcaurelio;11;0
marcuccia;0;11
marcuccio;11;0
margrethe;0;11
marguerita;0;11
mariangela;0;11
marigno;1;10
maritte;10;1
marphise;0;11
martel;11;0
mathié;2;9
matias;11;0
mattéo;11;0
mattheus;11;0
maure;8;3
maximie;0;11
maximim;11;0
mélantine;0;11
mélusine;0;11
menoux;10;1
mercurio;11;0
messidore;2;9
mfrançoise;0;11
michellette;0;11
mile;11;0
miniquette;0;11
modest;10;1
moyze;11;0
naphtaly;11;0
napoline;0;11
nathaline;1;10
nathaniel;11;0
nectere;11;0
nissim;11;0
nizière;0;11
noél;11;0
nöel;11;0
odivine;0;11
olésime;5;6
ombéline;0;11
onesiphore;11;0
onezine;6;5
onorata;0;11
oreillie;0;11
orélia;0;11
orien;11;0
orsantonio;11;0
osmane;3;8
othmar;11;0
paquette;0;11
pascual;11;0
patris;11;0
paulinon;0;11
pécinne;0;11
pellagie;0;11
perlé;0;11
perpet;11;0
perronelle;0;11
pétronnille;0;11
peyroune;0;11
philarète;11;0
philippo;11;0
philothée;0;11
philppe;11;0
pierra;1;10
probe;11;0
pyyy;0;11
quirinus;11;0
rault;11;0
réginette;0;11
reparate;1;10
reymon;10;1
roque;11;0
roséma;0;11
rossolina;0;11
roustan;10;1
roux;10;1
sage;1;10
sansin;11;0
savenie;0;11
sélanie;0;11
sénéchal;11;0
séphirin;11;0
séraphina;0;11
seraphinus;11;0
sévérine;0;11
siagre;11;0
sifroy;11;0
sinoise;0;11
sorle;0;11
spérie;0;11
stanis;11;0
stasie;1;10
stéphany;6;5
sylviane;0;11
tarsille;1;10
théophilie;2;9
thierri;11;0
thiers;11;0
trephine;0;11
tugal;11;0
ursain;11;0
ursmérie;0;11
vandrille;11;0
vendlin;11;0
venturino;11;0
véréna;0;11
viala;11;0
viktoria;0;11
vincenso;11;0
virgina;0;11
viriginie;1;10
vittorio;11;0
vladimir;11;0
voluzien;11;0
wilbert;11;0
wilgeforte;0;11
wilhelmus;11;0
wladimir;11;0
yacinte;6;5
ysaac;11;0
yves^;11;0
zeline;0;11
zena;0;11
zita;0;11
adélaÿde;0;10
adelfine;0;10
adelie;0;10
adérald;10;0
adhémard;10;0
adolescence;0;10
adolie;0;10
adomine;0;10
aglaëe;0;10
aglantine;0;10
aimond;10;0
ajax;10;0
alberti;10;0
alby;10;0
alexice;1;9
allise;0;10
alphonsus;10;0
alphrede;10;0
alpinienne;0;10
alsidie;1;9
amarinus;10;0
ambrois;10;0
amédéa;0;10
amnistie;0;10
anatolia;0;10
andresine;0;10
andrivette;0;10
andronic;10;0
androphile;10;0
anglantine;0;10
annunziata;0;10
anoux;0;10
anthonine;0;10
antoinine;0;10
aoust;10;0
apollone;2;8
appolix;10;0
arabelle;0;10
archambeau;9;1
arcine;2;8
argile;2;8
aricie;0;10
aristarque;10;0
arsénie;0;10
arthemon;10;0
aspasia;0;10
aurel;10;0
ausser;10;0
avé;3;7
avie;2;8
avite;9;1
babylas;10;0
baldine;1;9
baltasar;10;0
barnabar;10;0
bartelemy;10;0
bartoloméo;10;0
bathélemy;9;1
battine;0;10
baudelle;10;0
bazilie;0;10
baziline;0;10
béhau;10;0
beilen;0;10
bellone;0;10
bellony;9;1
bélony;10;0
bénanie;0;10
bénissante;0;10
benoid;10;0
berard;10;0
bert;10;0
betty;0;10
caesar;10;0
calixe;7;3
carine;0;10
carissime;0;10
carolin;10;0
catherine+;0;10
célerin;10;0
celestino;10;0
césarinne;0;10
chantalle;0;10
chatle;0;10
cherie;0;10
chistophe;10;0
christhophe;10;0
christophaz;0;10
clémène;0;10
clémentia;0;10
cléomire;0;10
clermonne;1;9
climene;0;10
clmence;0;10
cloé;0;10
clothide;0;10
constan;10;0
cordulle;0;10
côsme;10;0
cyrène;3;7
débora;0;10
dionisius;9;1
doralisse;0;10
doris;4;6
egérie;0;10
églé;0;10
eléanore;0;10
elèonore;0;10
eliabeth;0;10
elissa;5;5
elizabetha;0;10
elme;10;0
eloyse;0;10
elsie;0;10
elysee;8;2
elzire;2;8
émeric;10;0
emmanuël;10;0
emme;2;8
emmée;1;9
enrique;10;0
éphraim;10;0
ermelinde;0;10
ermina;1;9
escolastique;1;9
évodie;0;10
fabiane;0;10
fauchette;0;10
félicié;4;6
félie;3;7
felipe;10;0
félixine;0;10
féry;10;0
fifine;0;10
fourrier;10;0
franãssoise;0;10
françeline;0;10
frangois;10;0
franois;10;0
fratié;0;10
frimaire;8;2
galdéric;10;0
gasparo;10;0
gebertrude;0;10
genevève;0;10
genevière;0;10
génitour;10;0
gennevieve;0;10
géralde;1;9
geraude;0;10
gerbert;10;0
gernance;0;10
geroges;10;0
gervaix;10;0
girolama;0;10
gironne;0;10
godeberte;0;10
godeberthe;0;10
golven;10;0
gondelbert;10;0
goulvain;10;0
grimaldo;10;0
guenal;10;0
guignolay;10;0
guiguite;0;10
guilhelmine;0;10
guilhome;10;0
guillerme;1;9
guilliaume;10;0
gulcien;10;0
gutel;0;10
habrahim;10;0
hanne;0;10
hannibal;10;0
harmante;0;10
hectoria;0;10
hedvige;0;10
hélisabeth;0;10
helvina;0;10
hély;10;0
hermione;0;10
hertzel;9;1
hester;0;10
himerius;10;0
hipolithe;7;3
hombert;10;0
hunégonde;0;10
hyérome;10;0
hyeronimus;10;0
hyérosme;10;0
hypolythe;10;0
irèné;9;1
isaak;10;0
isambart;10;0
isméric;2;8
ivonne;0;10
iwan;10;0
jack;10;0
jacut;10;0
jamme;9;1
jaouen;10;0
jeannetton;0;10
jeremy;10;0
joachain;10;0
jodocus;10;0
jorim;10;0
jouassin;10;0
jourdaine;0;10
judicael;10;0
judocus;10;0
junille;0;10
juvence;6;4
knabe;10;0
koschel;10;0
laide;0;10
lamy;10;0
landelinus;10;0
landri;10;0
laurentz;10;0
lavinia;0;10
leocardie;0;10
léonelle;0;10
leonne;0;10
léopole;6;4
leufroy;10;0
lily;0;10
lodoix;10;0
loisine;0;10
lon;10;0
lonie;1;9
lovely;0;10
luçie;0;10
lucilia;0;10
lucque;8;2
ludegarde;0;10
luper;10;0
madelein;1;9
madgelaine;0;10
magdalène;0;10
magdeleyne;0;10
majan;10;0
malga;0;10
mardoché;10;0
marem;10;0
margeritte;0;10
mariange;0;10
marilys;0;10
mars;10;0
martín;10;0
matieu;10;0
maudan;10;0
maximillienne;0;10
médarde;1;9
mein;10;0
melchiade;10;0
melchiore;8;2
melia;0;10
mélisse;3;7
melkior;10;0
melle;0;10
mémmie;10;0
mermet;10;0
micael;10;0
micaglia;10;0
michelaz;0;10
mirtille;5;5
miss;0;10
modesta;0;10
moina;0;10
monaca;0;10
mondésir;10;0
moré;10;0
mundel;0;10
musette;0;10
na;0;10
natalino;10;0
nataly;2;8
nicolas+;10;0
nikolas;10;0
noelly;0;10
norberthe;0;10
odillon;10;0
onesine;10;0
orisine;0;10
othille;0;10
oyen;10;0
padivoria;0;10
padovano;10;0
palmira;1;9
pancrate;10;0
parthem;10;0
paulien;10;0
pellegrine;0;10
perec;10;0
persévérande;0;10
petre;0;10
pêtre;1;9
petronnille;0;10
peyre;10;0
phélix;9;1
phénomène;3;7
philéasse;0;10
philidore;9;1
phillip;10;0
pian;10;0
pietrino;10;0
pietronella;0;10
pitre;10;0
polinne;0;10
preuve;1;9
privas;10;0
proper;10;0
proserpine;0;10
prudenzia;0;10
qualbert;10;0
rahel;0;10
rainelde;0;10
raphaêl;10;0
reisla;0;10
rémiette;0;10
renatus;10;0
restitute;0;10
révérien;10;0
rodolph;10;0
rodrigue;10;0
rosale;0;10
rosanna;0;10
rosélie;0;10
rosilla;0;10
rostan;10;0
ruppert;9;1
salvate;0;10
samuelle;0;10
seine;9;1
sélim;10;0
sevère;6;4
sidney;10;0
sigefroi;10;0
silvina;0;10
simplicie;0;10
soffie;0;10
spiridon;10;0
stefanina;0;10
taumaphile;2;8
terzie;1;9
th;9;1
thecla;0;10
théodorique;10;0
theodosie;0;10
théodulaz;0;10
théophyle;9;1
théotise;1;9
thibaude;0;10
thomé;10;0
usmérine;0;10
valbourgue;0;10
valière;0;10
valmire;8;2
vanina;0;10
vébert;8;2
veneziana;0;10
venise;0;10
véronika;0;10
vidalle;0;10
viergine;0;10
vinçent;10;0
vix;10;0
vulgand;10;0
waast;10;0
winnocq;10;0
xyste;9;1
zara;0;10
zéraphin;10;0
zimle;0;10
